dataset,method,upset_simple_mean,upset_simple_std,upset_naive_mean,upset_naive_std,upset_ratio_mean,upset_ratio_std,runtime_sec_mean,runtime_sec_std
Basketball_temporal/1985,OURS_MFAS,0.62,0.0,0.16,0.0,0.56,0.0,0.68,0.0
Basketball_temporal/1985,OURS_MFAS_INS1,0.62,0.0,0.16,0.0,0.56,0.0,0.68,0.0
Basketball_temporal/1985,OURS_MFAS_INS2,0.62,0.0,0.16,0.0,0.56,0.0,0.68,0.0
Basketball_temporal/1985,OURS_MFAS_INS3,0.62,0.0,0.16,0.0,0.56,0.0,0.68,0.0
Basketball_temporal/1985,PageRank,1.92,0.0,0.48,0.0,1.32,0.0,0.01,0.0
Basketball_temporal/1985,SVD_NRS,0.62,0.0,0.16,0.0,0.56,0.0,0.67,0.0
Basketball_temporal/1985,SVD_RS,0.86,0.0,0.22,0.0,0.63,0.0,0.01,0.0
Basketball_temporal/1985,SpringRank,1.62,0.0,0.4,0.0,0.86,0.0,0.32,0.0
Basketball_temporal/1985,btl,0.75,0.0,0.19,0.0,0.62,0.0,0.0,0.0
Basketball_temporal/1985,davidScore,0.89,0.0,0.22,0.0,0.67,0.17,0.01,0.0
Basketball_temporal/1985,eigenvectorCentrality,0.91,0.0,0.23,0.0,0.55,0.0,0.0,0.0
Basketball_temporal/1985,rankCentrality,1.0,0.0,0.25,0.0,0.67,0.0,0.0,0.0
Basketball_temporal/1985,serialRank,0.93,0.08,0.23,0.02,0.54,0.04,0.63,1.81
Basketball_temporal/1985,syncRank,2.11,0.0,0.53,0.0,0.86,0.0,0.01,0.0
Basketball_temporal/1986,OURS_MFAS,0.62,0.0,0.15,0.0,0.56,0.0,0.71,0.0
Basketball_temporal/1986,OURS_MFAS_INS1,0.62,0.0,0.15,0.0,0.56,0.0,0.71,0.0
Basketball_temporal/1986,OURS_MFAS_INS2,0.62,0.0,0.15,0.0,0.56,0.0,0.71,0.0
Basketball_temporal/1986,OURS_MFAS_INS3,0.62,0.0,0.15,0.0,0.56,0.0,0.71,0.0
Basketball_temporal/1986,PageRank,1.96,0.0,0.49,0.0,1.31,0.0,0.01,0.0
Basketball_temporal/1986,SVD_NRS,0.62,0.0,0.15,0.0,0.56,0.0,0.71,0.0
Basketball_temporal/1986,SVD_RS,0.86,0.0,0.21,0.0,0.63,0.0,0.01,0.0
Basketball_temporal/1986,SpringRank,1.79,0.0,0.45,0.0,0.85,0.0,0.32,0.0
Basketball_temporal/1986,btl,0.78,0.0,0.19,0.0,0.61,0.0,0.0,0.0
Basketball_temporal/1986,davidScore,0.89,0.0,0.22,0.0,0.73,0.16,0.01,0.0
Basketball_temporal/1986,eigenvectorCentrality,0.88,0.0,0.22,0.0,0.54,0.0,0.0,0.0
Basketball_temporal/1986,rankCentrality,1.09,0.0,0.27,0.0,0.75,0.0,0.0,0.0
Basketball_temporal/1986,serialRank,0.96,0.02,0.24,0.01,0.54,0.01,0.03,0.0
Basketball_temporal/1986,syncRank,1.99,0.0,0.5,0.0,0.86,0.0,0.01,0.0
Basketball_temporal/1987,OURS_MFAS,0.66,0.0,0.16,0.0,0.58,0.0,0.74,0.0
Basketball_temporal/1987,OURS_MFAS_INS1,0.66,0.0,0.16,0.0,0.58,0.0,0.74,0.0
Basketball_temporal/1987,OURS_MFAS_INS2,0.66,0.0,0.16,0.0,0.58,0.0,0.74,0.0
Basketball_temporal/1987,OURS_MFAS_INS3,0.66,0.0,0.16,0.0,0.58,0.0,0.74,0.0
Basketball_temporal/1987,PageRank,1.94,0.0,0.48,0.0,1.37,0.0,0.02,0.0
Basketball_temporal/1987,SVD_NRS,0.66,0.0,0.16,0.0,0.58,0.0,0.73,0.0
Basketball_temporal/1987,SVD_RS,0.91,0.0,0.23,0.0,0.68,0.0,0.01,0.0
Basketball_temporal/1987,SpringRank,1.79,0.0,0.45,0.0,0.86,0.0,0.33,0.0
Basketball_temporal/1987,btl,0.85,0.0,0.21,0.0,0.65,0.0,0.0,0.0
Basketball_temporal/1987,davidScore,0.99,0.0,0.25,0.0,0.7,0.15,0.01,0.0
Basketball_temporal/1987,eigenvectorCentrality,0.9,0.0,0.22,0.0,0.56,0.0,0.0,0.0
Basketball_temporal/1987,rankCentrality,0.99,0.0,0.25,0.0,0.7,0.0,0.0,0.0
Basketball_temporal/1987,serialRank,0.99,0.02,0.25,0.0,0.57,0.01,0.03,0.0
Basketball_temporal/1987,syncRank,1.88,0.0,0.47,0.0,0.86,0.0,0.01,0.0
Basketball_temporal/1988,OURS_MFAS,0.63,0.0,0.16,0.0,0.57,0.0,0.75,0.0
Basketball_temporal/1988,OURS_MFAS_INS1,0.63,0.0,0.16,0.0,0.57,0.0,0.74,0.0
Basketball_temporal/1988,OURS_MFAS_INS2,0.63,0.0,0.16,0.0,0.57,0.0,0.75,0.0
Basketball_temporal/1988,OURS_MFAS_INS3,0.63,0.0,0.16,0.0,0.57,0.0,0.75,0.0
Basketball_temporal/1988,PageRank,1.93,0.0,0.48,0.0,1.33,0.0,0.02,0.0
Basketball_temporal/1988,SVD_NRS,0.63,0.0,0.16,0.0,0.57,0.0,0.74,0.0
Basketball_temporal/1988,SVD_RS,0.83,0.0,0.21,0.0,0.63,0.0,0.01,0.0
Basketball_temporal/1988,SpringRank,1.73,0.2,0.43,0.05,0.85,0.03,0.33,0.0
Basketball_temporal/1988,btl,0.77,0.0,0.19,0.0,0.59,0.0,0.0,0.0
Basketball_temporal/1988,davidScore,0.87,0.0,0.22,0.0,0.66,0.18,0.01,0.0
Basketball_temporal/1988,eigenvectorCentrality,0.85,0.0,0.21,0.0,0.54,0.0,0.0,0.0
Basketball_temporal/1988,rankCentrality,0.97,0.0,0.24,0.0,0.7,0.0,0.0,0.0
Basketball_temporal/1988,serialRank,0.92,0.03,0.23,0.01,0.53,0.01,0.03,0.0
Basketball_temporal/1988,syncRank,1.91,0.0,0.48,0.0,0.86,0.0,0.01,0.0
Basketball_temporal/1989,OURS_MFAS,0.63,0.0,0.16,0.0,0.57,0.0,0.81,0.0
Basketball_temporal/1989,OURS_MFAS_INS1,0.63,0.0,0.16,0.0,0.57,0.0,0.81,0.0
Basketball_temporal/1989,OURS_MFAS_INS2,0.63,0.0,0.16,0.0,0.57,0.0,0.81,0.0
Basketball_temporal/1989,OURS_MFAS_INS3,0.63,0.0,0.16,0.0,0.57,0.0,0.81,0.0
Basketball_temporal/1989,PageRank,1.87,0.0,0.47,0.0,1.34,0.0,0.02,0.0
Basketball_temporal/1989,SVD_NRS,0.63,0.0,0.16,0.0,0.57,0.0,0.8,0.0
Basketball_temporal/1989,SVD_RS,0.9,0.0,0.23,0.0,0.66,0.0,0.01,0.0
Basketball_temporal/1989,SpringRank,1.74,0.0,0.44,0.0,0.87,0.0,0.34,0.0
Basketball_temporal/1989,btl,0.77,0.0,0.19,0.0,0.63,0.0,0.0,0.0
Basketball_temporal/1989,davidScore,0.82,0.0,0.2,0.0,0.62,0.18,0.01,0.0
Basketball_temporal/1989,eigenvectorCentrality,0.85,0.0,0.21,0.0,0.55,0.0,0.0,0.0
Basketball_temporal/1989,rankCentrality,0.98,0.0,0.25,0.0,0.7,0.0,0.0,0.0
Basketball_temporal/1989,serialRank,0.94,0.02,0.24,0.01,0.55,0.01,0.03,0.0
Basketball_temporal/1989,syncRank,1.86,0.0,0.47,0.0,0.87,0.0,0.01,0.0
Basketball_temporal/1990,OURS_MFAS,0.6,0.0,0.15,0.0,0.56,0.0,0.8,0.0
Basketball_temporal/1990,OURS_MFAS_INS1,0.6,0.0,0.15,0.0,0.56,0.0,0.8,0.0
Basketball_temporal/1990,OURS_MFAS_INS2,0.6,0.0,0.15,0.0,0.56,0.0,0.8,0.0
Basketball_temporal/1990,OURS_MFAS_INS3,0.6,0.0,0.15,0.0,0.56,0.0,0.8,0.0
Basketball_temporal/1990,PageRank,1.91,0.14,0.51,0.07,1.35,0.0,0.02,0.0
Basketball_temporal/1990,SVD_NRS,0.6,0.0,0.15,0.0,0.56,0.0,0.8,0.0
Basketball_temporal/1990,SVD_RS,0.85,0.0,0.21,0.0,0.62,0.0,0.01,0.0
Basketball_temporal/1990,SpringRank,1.68,0.0,0.42,0.0,0.86,0.0,0.33,0.0
Basketball_temporal/1990,btl,0.78,0.0,0.2,0.0,0.62,0.0,0.0,0.0
Basketball_temporal/1990,davidScore,0.9,0.0,0.23,0.0,0.74,0.16,0.01,0.0
Basketball_temporal/1990,eigenvectorCentrality,0.88,0.0,0.22,0.0,0.55,0.0,0.0,0.0
Basketball_temporal/1990,rankCentrality,0.91,0.0,0.23,0.0,0.65,0.0,0.0,0.0
Basketball_temporal/1990,serialRank,0.89,0.08,0.22,0.02,0.51,0.05,0.26,0.47
Basketball_temporal/1990,syncRank,1.94,0.0,0.48,0.0,0.87,0.0,0.01,0.0
Basketball_temporal/1991,OURS_MFAS,0.64,0.0,0.16,0.0,0.56,0.0,0.87,0.0
Basketball_temporal/1991,OURS_MFAS_INS1,0.64,0.0,0.16,0.0,0.56,0.0,0.87,0.0
Basketball_temporal/1991,OURS_MFAS_INS2,0.64,0.0,0.16,0.0,0.56,0.0,0.87,0.0
Basketball_temporal/1991,OURS_MFAS_INS3,0.64,0.0,0.16,0.0,0.56,0.0,0.87,0.0
Basketball_temporal/1991,PageRank,1.95,0.0,0.49,0.0,1.34,0.0,0.02,0.0
Basketball_temporal/1991,SVD_NRS,0.64,0.0,0.16,0.0,0.56,0.0,0.87,0.0
Basketball_temporal/1991,SVD_RS,0.9,0.0,0.22,0.0,0.63,0.0,0.01,0.0
Basketball_temporal/1991,SpringRank,1.8,0.0,0.45,0.0,0.86,0.0,0.34,0.0
Basketball_temporal/1991,btl,0.77,0.0,0.19,0.0,0.64,0.0,0.0,0.0
Basketball_temporal/1991,davidScore,0.86,0.0,0.22,0.0,0.59,0.16,0.01,0.0
Basketball_temporal/1991,eigenvectorCentrality,0.84,0.0,0.21,0.0,0.55,0.0,0.0,0.0
Basketball_temporal/1991,rankCentrality,1.0,0.0,0.25,0.0,0.68,0.0,0.0,0.0
Basketball_temporal/1991,serialRank,0.92,0.07,0.23,0.02,0.53,0.03,0.16,0.38
Basketball_temporal/1991,syncRank,2.03,0.0,0.51,0.0,0.87,0.0,0.01,0.0
Basketball_temporal/1992,OURS_MFAS,0.63,0.0,0.16,0.0,0.55,0.0,0.86,0.0
Basketball_temporal/1992,OURS_MFAS_INS1,0.63,0.0,0.16,0.0,0.55,0.0,0.86,0.0
Basketball_temporal/1992,OURS_MFAS_INS2,0.63,0.0,0.16,0.0,0.55,0.0,0.86,0.0
Basketball_temporal/1992,OURS_MFAS_INS3,0.63,0.0,0.16,0.0,0.55,0.0,0.86,0.0
Basketball_temporal/1992,PageRank,2.0,0.0,0.5,0.0,1.35,0.0,0.01,0.0
Basketball_temporal/1992,SVD_NRS,0.63,0.0,0.16,0.0,0.56,0.0,0.85,0.0
Basketball_temporal/1992,SVD_RS,0.84,0.0,0.21,0.0,0.61,0.0,0.01,0.0
Basketball_temporal/1992,SpringRank,1.74,0.0,0.43,0.0,0.87,0.0,0.35,0.0
Basketball_temporal/1992,btl,0.72,0.0,0.18,0.0,0.59,0.0,0.0,0.0
Basketball_temporal/1992,davidScore,0.84,0.0,0.21,0.0,0.62,0.18,0.01,0.0
Basketball_temporal/1992,eigenvectorCentrality,0.8,0.0,0.2,0.0,0.54,0.0,0.0,0.0
Basketball_temporal/1992,rankCentrality,0.96,0.0,0.24,0.0,0.7,0.0,0.0,0.0
Basketball_temporal/1992,serialRank,0.86,0.1,0.21,0.02,0.5,0.06,0.53,0.77
Basketball_temporal/1992,syncRank,1.89,0.0,0.47,0.0,0.87,0.0,0.01,0.0
Basketball_temporal/1993,OURS_MFAS,0.62,0.0,0.16,0.0,0.57,0.0,0.76,0.0
Basketball_temporal/1993,OURS_MFAS_INS1,0.62,0.0,0.16,0.0,0.57,0.0,0.77,0.0
Basketball_temporal/1993,OURS_MFAS_INS2,0.62,0.0,0.16,0.0,0.57,0.0,0.77,0.0
Basketball_temporal/1993,OURS_MFAS_INS3,0.62,0.0,0.16,0.0,0.57,0.0,0.76,0.0
Basketball_temporal/1993,PageRank,1.93,0.0,0.48,0.0,1.28,0.0,0.02,0.0
Basketball_temporal/1993,SVD_NRS,0.62,0.0,0.16,0.0,0.57,0.0,0.76,0.0
Basketball_temporal/1993,SVD_RS,0.86,0.0,0.21,0.0,0.62,0.0,0.01,0.0
Basketball_temporal/1993,SpringRank,1.68,0.0,0.42,0.0,0.86,0.0,0.34,0.0
Basketball_temporal/1993,btl,0.74,0.0,0.19,0.0,0.6,0.0,0.0,0.0
Basketball_temporal/1993,davidScore,0.83,0.0,0.21,0.0,0.58,0.17,0.01,0.0
Basketball_temporal/1993,eigenvectorCentrality,0.85,0.0,0.21,0.0,0.52,0.0,0.0,0.0
Basketball_temporal/1993,rankCentrality,0.99,0.0,0.25,0.0,0.68,0.0,0.0,0.0
Basketball_temporal/1993,serialRank,0.88,0.06,0.22,0.02,0.51,0.03,0.18,0.45
Basketball_temporal/1993,syncRank,2.04,0.0,0.51,0.0,0.86,0.0,0.01,0.0
Basketball_temporal/1994,OURS_MFAS,0.61,0.0,0.15,0.0,0.56,0.0,0.8,0.0
Basketball_temporal/1994,OURS_MFAS_INS1,0.61,0.0,0.15,0.0,0.56,0.0,0.8,0.0
Basketball_temporal/1994,OURS_MFAS_INS2,0.61,0.0,0.15,0.0,0.56,0.0,0.8,0.0
Basketball_temporal/1994,OURS_MFAS_INS3,0.61,0.0,0.15,0.0,0.56,0.0,0.8,0.0
Basketball_temporal/1994,PageRank,2.04,0.0,0.51,0.0,1.35,0.0,0.02,0.0
Basketball_temporal/1994,SVD_NRS,0.61,0.0,0.15,0.0,0.56,0.0,0.8,0.0
Basketball_temporal/1994,SVD_RS,0.84,0.0,0.21,0.0,0.6,0.0,0.01,0.0
Basketball_temporal/1994,SpringRank,1.67,0.0,0.42,0.0,0.86,0.0,0.34,0.0
Basketball_temporal/1994,btl,0.74,0.0,0.18,0.0,0.59,0.0,0.0,0.0
Basketball_temporal/1994,davidScore,0.82,0.0,0.2,0.0,0.61,0.19,0.01,0.0
Basketball_temporal/1994,eigenvectorCentrality,0.83,0.0,0.21,0.0,0.53,0.0,0.0,0.0
Basketball_temporal/1994,rankCentrality,0.9,0.0,0.23,0.0,0.61,0.0,0.0,0.0
Basketball_temporal/1994,serialRank,0.77,0.09,0.19,0.02,0.43,0.05,0.98,0.62
Basketball_temporal/1994,syncRank,2.0,0.0,0.5,0.0,0.86,0.0,0.01,0.0
Basketball_temporal/1995,OURS_MFAS,0.64,0.0,0.16,0.0,0.57,0.0,0.83,0.0
Basketball_temporal/1995,OURS_MFAS_INS1,0.65,0.0,0.16,0.0,0.57,0.0,0.83,0.0
Basketball_temporal/1995,OURS_MFAS_INS2,0.64,0.0,0.16,0.0,0.57,0.0,0.83,0.0
Basketball_temporal/1995,OURS_MFAS_INS3,0.64,0.0,0.16,0.0,0.57,0.0,0.83,0.0
Basketball_temporal/1995,PageRank,1.91,0.2,0.55,0.09,1.36,0.0,0.02,0.0
Basketball_temporal/1995,SVD_NRS,0.65,0.0,0.16,0.0,0.57,0.0,0.83,0.0
Basketball_temporal/1995,SVD_RS,0.86,0.0,0.22,0.0,0.61,0.0,0.01,0.0
Basketball_temporal/1995,SpringRank,1.82,0.13,0.46,0.03,0.85,0.01,0.35,0.0
Basketball_temporal/1995,btl,0.78,0.0,0.19,0.0,0.59,0.0,0.0,0.0
Basketball_temporal/1995,davidScore,0.83,0.0,0.21,0.0,0.65,0.18,0.01,0.0
Basketball_temporal/1995,eigenvectorCentrality,0.87,0.0,0.22,0.0,0.53,0.0,0.0,0.0
Basketball_temporal/1995,rankCentrality,0.94,0.0,0.24,0.0,0.64,0.0,0.0,0.0
Basketball_temporal/1995,serialRank,0.84,0.1,0.21,0.02,0.47,0.06,0.57,0.54
Basketball_temporal/1995,syncRank,1.88,0.0,0.47,0.0,0.86,0.0,0.01,0.0
Basketball_temporal/1996,OURS_MFAS,0.69,0.0,0.17,0.0,0.58,0.0,0.91,0.01
Basketball_temporal/1996,OURS_MFAS_INS1,0.69,0.0,0.17,0.0,0.58,0.0,0.86,0.0
Basketball_temporal/1996,OURS_MFAS_INS2,0.69,0.0,0.17,0.0,0.58,0.0,0.86,0.0
Basketball_temporal/1996,OURS_MFAS_INS3,0.69,0.0,0.17,0.0,0.58,0.0,0.91,0.01
Basketball_temporal/1996,PageRank,2.05,0.0,0.51,0.0,1.35,0.0,0.02,0.0
Basketball_temporal/1996,SVD_NRS,0.69,0.0,0.17,0.0,0.58,0.0,0.85,0.0
Basketball_temporal/1996,SVD_RS,0.95,0.0,0.24,0.0,0.68,0.0,0.01,0.0
Basketball_temporal/1996,SpringRank,1.67,0.0,0.42,0.0,0.86,0.0,0.35,0.0
Basketball_temporal/1996,btl,0.81,0.0,0.2,0.0,0.65,0.0,0.0,0.0
Basketball_temporal/1996,davidScore,0.9,0.0,0.23,0.0,0.64,0.16,0.01,0.0
Basketball_temporal/1996,eigenvectorCentrality,0.92,0.0,0.23,0.0,0.56,0.0,0.0,0.0
Basketball_temporal/1996,rankCentrality,1.08,0.0,0.27,0.0,0.74,0.0,0.0,0.0
Basketball_temporal/1996,serialRank,0.96,0.07,0.24,0.02,0.55,0.03,0.21,0.55
Basketball_temporal/1996,syncRank,2.05,0.0,0.51,0.0,0.87,0.0,0.01,0.0
Basketball_temporal/1997,OURS_MFAS,0.67,0.0,0.17,0.0,0.58,0.0,0.95,0.0
Basketball_temporal/1997,OURS_MFAS_INS1,0.67,0.0,0.17,0.0,0.58,0.0,0.94,0.0
Basketball_temporal/1997,OURS_MFAS_INS2,0.67,0.0,0.17,0.0,0.58,0.0,0.94,0.0
Basketball_temporal/1997,OURS_MFAS_INS3,0.67,0.0,0.17,0.0,0.58,0.0,0.95,0.0
Basketball_temporal/1997,PageRank,1.89,0.0,0.47,0.0,1.3,0.0,0.02,0.0
Basketball_temporal/1997,SVD_NRS,0.67,0.0,0.17,0.0,0.58,0.0,0.93,0.0
Basketball_temporal/1997,SVD_RS,0.92,0.0,0.23,0.0,0.68,0.0,0.01,0.0
Basketball_temporal/1997,SpringRank,1.72,0.0,0.43,0.0,0.86,0.0,0.36,0.0
Basketball_temporal/1997,btl,0.83,0.0,0.21,0.0,0.63,0.0,0.0,0.0
Basketball_temporal/1997,davidScore,0.91,0.0,0.23,0.0,0.64,0.16,0.01,0.0
Basketball_temporal/1997,eigenvectorCentrality,0.9,0.0,0.23,0.0,0.56,0.0,0.0,0.0
Basketball_temporal/1997,rankCentrality,0.96,0.0,0.24,0.0,0.69,0.0,0.0,0.0
Basketball_temporal/1997,serialRank,0.97,0.02,0.24,0.01,0.56,0.0,0.03,0.0
Basketball_temporal/1997,syncRank,1.95,0.0,0.49,0.0,0.86,0.0,0.01,0.0
Basketball_temporal/1998,OURS_MFAS,0.64,0.0,0.16,0.0,0.59,0.0,0.87,0.0
Basketball_temporal/1998,OURS_MFAS_INS1,0.64,0.0,0.16,0.0,0.59,0.0,0.87,0.0
Basketball_temporal/1998,OURS_MFAS_INS2,0.64,0.0,0.16,0.0,0.59,0.0,0.87,0.0
Basketball_temporal/1998,OURS_MFAS_INS3,0.64,0.0,0.16,0.0,0.59,0.0,0.87,0.0
Basketball_temporal/1998,PageRank,1.92,0.0,0.48,0.0,1.36,0.0,0.02,0.0
Basketball_temporal/1998,SVD_NRS,0.64,0.0,0.16,0.0,0.59,0.0,0.86,0.0
Basketball_temporal/1998,SVD_RS,0.89,0.0,0.22,0.0,0.67,0.0,0.01,0.0
Basketball_temporal/1998,SpringRank,1.69,0.0,0.42,0.0,0.88,0.0,0.36,0.0
Basketball_temporal/1998,btl,0.79,0.0,0.2,0.0,0.64,0.0,0.0,0.0
Basketball_temporal/1998,davidScore,0.9,0.0,0.22,0.0,0.64,0.17,0.01,0.0
Basketball_temporal/1998,eigenvectorCentrality,0.85,0.0,0.21,0.0,0.56,0.0,0.0,0.0
Basketball_temporal/1998,rankCentrality,0.96,0.0,0.24,0.0,0.7,0.0,0.0,0.0
Basketball_temporal/1998,serialRank,0.96,0.03,0.24,0.01,0.56,0.01,0.03,0.0
Basketball_temporal/1998,syncRank,1.91,0.0,0.48,0.0,0.88,0.0,0.01,0.0
Basketball_temporal/1999,OURS_MFAS,0.7,0.0,0.18,0.0,0.6,0.0,0.9,0.0
Basketball_temporal/1999,OURS_MFAS_INS1,0.7,0.0,0.18,0.0,0.6,0.0,0.9,0.0
Basketball_temporal/1999,OURS_MFAS_INS2,0.7,0.0,0.18,0.0,0.6,0.0,0.9,0.0
Basketball_temporal/1999,OURS_MFAS_INS3,0.7,0.0,0.18,0.0,0.6,0.0,0.9,0.0
Basketball_temporal/1999,PageRank,1.9,0.0,0.47,0.0,1.32,0.0,0.02,0.0
Basketball_temporal/1999,SVD_NRS,0.7,0.0,0.18,0.0,0.6,0.0,0.89,0.0
Basketball_temporal/1999,SVD_RS,0.95,0.0,0.24,0.0,0.66,0.0,0.01,0.0
Basketball_temporal/1999,SpringRank,1.56,0.0,0.39,0.0,0.87,0.0,0.37,0.0
Basketball_temporal/1999,btl,0.81,0.0,0.2,0.0,0.65,0.0,0.0,0.0
Basketball_temporal/1999,davidScore,0.93,0.0,0.23,0.0,0.64,0.17,0.01,0.0
Basketball_temporal/1999,eigenvectorCentrality,0.94,0.0,0.24,0.0,0.57,0.0,0.0,0.0
Basketball_temporal/1999,rankCentrality,1.16,0.0,0.29,0.0,0.8,0.0,0.0,0.0
Basketball_temporal/1999,serialRank,0.97,0.06,0.24,0.02,0.55,0.03,0.46,1.29
Basketball_temporal/1999,syncRank,2.02,0.0,0.5,0.0,0.88,0.0,0.01,0.0
Basketball_temporal/2000,OURS_MFAS,0.66,0.0,0.17,0.0,0.6,0.0,0.94,0.0
Basketball_temporal/2000,OURS_MFAS_INS1,0.66,0.0,0.17,0.0,0.6,0.0,0.93,0.0
Basketball_temporal/2000,OURS_MFAS_INS2,0.66,0.0,0.17,0.0,0.6,0.0,0.94,0.0
Basketball_temporal/2000,OURS_MFAS_INS3,0.66,0.0,0.17,0.0,0.6,0.0,0.94,0.0
Basketball_temporal/2000,PageRank,1.91,0.0,0.48,0.0,1.4,0.01,0.02,0.0
Basketball_temporal/2000,SVD_NRS,0.67,0.0,0.17,0.0,0.6,0.0,0.93,0.0
Basketball_temporal/2000,SVD_RS,0.94,0.0,0.23,0.0,0.67,0.0,0.01,0.0
Basketball_temporal/2000,SpringRank,1.77,0.0,0.44,0.0,0.9,0.0,0.38,0.0
Basketball_temporal/2000,btl,0.86,0.0,0.21,0.0,0.65,0.0,0.0,0.0
Basketball_temporal/2000,davidScore,0.91,0.0,0.23,0.0,0.67,0.17,0.01,0.0
Basketball_temporal/2000,eigenvectorCentrality,0.91,0.0,0.23,0.0,0.59,0.0,0.0,0.0
Basketball_temporal/2000,rankCentrality,1.11,0.0,0.28,0.0,0.77,0.0,0.0,0.0
Basketball_temporal/2000,serialRank,0.98,0.02,0.25,0.01,0.58,0.01,0.03,0.0
Basketball_temporal/2000,syncRank,1.97,0.0,0.49,0.0,0.9,0.0,0.01,0.0
Basketball_temporal/2001,OURS_MFAS,0.62,0.0,0.15,0.0,0.59,0.0,0.89,0.0
Basketball_temporal/2001,OURS_MFAS_INS1,0.62,0.0,0.15,0.0,0.59,0.0,0.9,0.0
Basketball_temporal/2001,OURS_MFAS_INS2,0.62,0.0,0.15,0.0,0.59,0.0,0.9,0.0
Basketball_temporal/2001,OURS_MFAS_INS3,0.62,0.0,0.15,0.0,0.59,0.0,0.89,0.0
Basketball_temporal/2001,PageRank,2.0,0.0,0.5,0.0,1.4,0.01,0.02,0.0
Basketball_temporal/2001,SVD_NRS,0.62,0.0,0.16,0.0,0.59,0.0,0.89,0.0
Basketball_temporal/2001,SVD_RS,0.94,0.0,0.23,0.0,0.67,0.0,0.01,0.0
Basketball_temporal/2001,SpringRank,1.73,0.0,0.43,0.0,0.89,0.0,0.38,0.0
Basketball_temporal/2001,btl,0.78,0.0,0.19,0.0,0.64,0.0,0.0,0.0
Basketball_temporal/2001,davidScore,0.88,0.0,0.22,0.0,0.61,0.16,0.01,0.0
Basketball_temporal/2001,eigenvectorCentrality,0.84,0.0,0.21,0.0,0.56,0.0,0.0,0.0
Basketball_temporal/2001,rankCentrality,1.05,0.0,0.26,0.0,0.74,0.0,0.0,0.0
Basketball_temporal/2001,serialRank,0.91,0.07,0.23,0.02,0.55,0.04,0.23,0.58
Basketball_temporal/2001,syncRank,2.03,0.0,0.51,0.0,0.89,0.0,0.01,0.0
Basketball_temporal/2002,OURS_MFAS,0.67,0.0,0.17,0.0,0.6,0.0,0.95,0.0
Basketball_temporal/2002,OURS_MFAS_INS1,0.67,0.0,0.17,0.0,0.6,0.0,0.94,0.0
Basketball_temporal/2002,OURS_MFAS_INS2,0.67,0.0,0.17,0.0,0.6,0.0,0.94,0.0
Basketball_temporal/2002,OURS_MFAS_INS3,0.67,0.0,0.17,0.0,0.6,0.0,0.95,0.0
Basketball_temporal/2002,PageRank,1.94,0.0,0.49,0.0,1.33,0.0,0.02,0.0
Basketball_temporal/2002,SVD_NRS,0.67,0.0,0.17,0.0,0.6,0.0,0.94,0.0
Basketball_temporal/2002,SVD_RS,0.88,0.0,0.22,0.0,0.68,0.0,0.01,0.0
Basketball_temporal/2002,SpringRank,1.75,0.19,0.44,0.05,0.86,0.07,0.39,0.0
Basketball_temporal/2002,btl,0.8,0.0,0.2,0.0,0.66,0.0,0.0,0.0
Basketball_temporal/2002,davidScore,0.85,0.0,0.21,0.0,0.75,0.16,0.01,0.0
Basketball_temporal/2002,eigenvectorCentrality,0.91,0.0,0.23,0.0,0.58,0.0,0.0,0.0
Basketball_temporal/2002,rankCentrality,1.06,0.0,0.26,0.0,0.77,0.0,0.0,0.0
Basketball_temporal/2002,serialRank,0.92,0.05,0.23,0.01,0.56,0.03,0.16,0.4
Basketball_temporal/2002,syncRank,1.91,0.0,0.48,0.0,0.88,0.0,0.01,0.0
Basketball_temporal/2003,OURS_MFAS,0.69,0.0,0.17,0.0,0.61,0.0,0.96,0.0
Basketball_temporal/2003,OURS_MFAS_INS1,0.69,0.0,0.17,0.0,0.6,0.0,0.95,0.0
Basketball_temporal/2003,OURS_MFAS_INS2,0.69,0.0,0.17,0.0,0.61,0.0,0.95,0.0
Basketball_temporal/2003,OURS_MFAS_INS3,0.69,0.0,0.17,0.0,0.61,0.0,0.96,0.0
Basketball_temporal/2003,PageRank,1.93,0.0,0.48,0.0,1.4,0.0,0.02,0.0
Basketball_temporal/2003,SVD_NRS,0.69,0.0,0.17,0.0,0.61,0.0,0.94,0.0
Basketball_temporal/2003,SVD_RS,0.94,0.0,0.23,0.0,0.71,0.0,0.01,0.0
Basketball_temporal/2003,SpringRank,1.85,0.01,0.46,0.0,0.88,0.0,0.4,0.0
Basketball_temporal/2003,btl,0.8,0.0,0.2,0.0,0.68,0.0,0.0,0.0
Basketball_temporal/2003,davidScore,0.94,0.0,0.24,0.0,0.73,0.16,0.01,0.0
Basketball_temporal/2003,eigenvectorCentrality,0.94,0.0,0.23,0.0,0.59,0.0,0.0,0.0
Basketball_temporal/2003,rankCentrality,0.99,0.0,0.25,0.0,0.73,0.0,0.0,0.0
Basketball_temporal/2003,serialRank,0.95,0.07,0.24,0.02,0.56,0.04,0.25,0.44
Basketball_temporal/2003,syncRank,2.05,0.0,0.51,0.0,0.89,0.0,0.01,0.0
Basketball_temporal/2004,OURS_MFAS,0.61,0.0,0.15,0.0,0.58,0.0,0.93,0.0
Basketball_temporal/2004,OURS_MFAS_INS1,0.61,0.0,0.15,0.0,0.58,0.0,0.93,0.0
Basketball_temporal/2004,OURS_MFAS_INS2,0.61,0.0,0.15,0.0,0.58,0.0,0.93,0.0
Basketball_temporal/2004,OURS_MFAS_INS3,0.61,0.0,0.15,0.0,0.58,0.0,0.93,0.0
Basketball_temporal/2004,PageRank,1.95,0.0,0.49,0.0,1.35,0.0,0.02,0.0
Basketball_temporal/2004,SVD_NRS,0.61,0.0,0.15,0.0,0.58,0.0,0.92,0.0
Basketball_temporal/2004,SVD_RS,0.86,0.0,0.22,0.0,0.64,0.0,0.01,0.0
Basketball_temporal/2004,SpringRank,1.67,0.0,0.42,0.0,0.88,0.0,0.39,0.0
Basketball_temporal/2004,btl,0.75,0.0,0.19,0.0,0.64,0.0,0.0,0.0
Basketball_temporal/2004,davidScore,0.85,0.0,0.21,0.0,0.71,0.18,0.01,0.0
Basketball_temporal/2004,eigenvectorCentrality,0.87,0.0,0.22,0.0,0.56,0.0,0.0,0.0
Basketball_temporal/2004,rankCentrality,0.92,0.0,0.23,0.0,0.67,0.0,0.0,0.0
Basketball_temporal/2004,serialRank,0.89,0.07,0.22,0.02,0.54,0.04,0.2,0.51
Basketball_temporal/2004,syncRank,1.98,0.11,0.49,0.03,0.89,0.0,0.01,0.0
Basketball_temporal/2005,OURS_MFAS,0.66,0.0,0.16,0.0,0.6,0.0,1.02,0.0
Basketball_temporal/2005,OURS_MFAS_INS1,0.66,0.0,0.16,0.0,0.6,0.0,1.01,0.0
Basketball_temporal/2005,OURS_MFAS_INS2,0.66,0.0,0.16,0.0,0.6,0.0,1.02,0.0
Basketball_temporal/2005,OURS_MFAS_INS3,0.66,0.0,0.16,0.0,0.6,0.0,1.02,0.0
Basketball_temporal/2005,PageRank,1.87,0.0,0.47,0.0,1.29,0.0,0.02,0.0
Basketball_temporal/2005,SVD_NRS,0.66,0.0,0.17,0.0,0.6,0.0,1.01,0.0
Basketball_temporal/2005,SVD_RS,0.92,0.0,0.23,0.0,0.68,0.0,0.01,0.0
Basketball_temporal/2005,SpringRank,1.78,0.0,0.45,0.0,0.89,0.0,0.41,0.0
Basketball_temporal/2005,btl,0.81,0.0,0.2,0.0,0.65,0.0,0.0,0.0
Basketball_temporal/2005,davidScore,0.85,0.0,0.21,0.0,0.72,0.17,0.01,0.0
Basketball_temporal/2005,eigenvectorCentrality,0.91,0.0,0.23,0.0,0.58,0.0,0.0,0.0
Basketball_temporal/2005,rankCentrality,1.05,0.0,0.26,0.0,0.73,0.0,0.0,0.0
Basketball_temporal/2005,serialRank,0.98,0.02,0.24,0.01,0.57,0.01,0.03,0.0
Basketball_temporal/2005,syncRank,1.96,0.05,0.49,0.01,0.89,0.0,0.01,0.0
Basketball_temporal/2006,OURS_MFAS,0.68,0.0,0.17,0.0,0.6,0.0,1.03,0.0
Basketball_temporal/2006,OURS_MFAS_INS1,0.68,0.0,0.17,0.0,0.6,0.0,1.03,0.0
Basketball_temporal/2006,OURS_MFAS_INS2,0.68,0.0,0.17,0.0,0.6,0.0,1.04,0.0
Basketball_temporal/2006,OURS_MFAS_INS3,0.68,0.0,0.17,0.0,0.6,0.0,1.03,0.0
Basketball_temporal/2006,PageRank,1.99,0.0,0.5,0.0,1.36,0.0,0.02,0.0
Basketball_temporal/2006,SVD_NRS,0.68,0.0,0.17,0.0,0.6,0.0,1.03,0.0
Basketball_temporal/2006,SVD_RS,0.91,0.0,0.23,0.0,0.69,0.0,0.01,0.0
Basketball_temporal/2006,SpringRank,1.78,0.0,0.44,0.0,0.89,0.0,0.41,0.0
Basketball_temporal/2006,btl,0.77,0.0,0.19,0.0,0.65,0.0,0.0,0.0
Basketball_temporal/2006,davidScore,0.86,0.0,0.22,0.0,0.66,0.17,0.01,0.0
Basketball_temporal/2006,eigenvectorCentrality,0.89,0.0,0.22,0.0,0.58,0.0,0.0,0.0
Basketball_temporal/2006,rankCentrality,1.03,0.0,0.26,0.0,0.76,0.0,0.0,0.0
Basketball_temporal/2006,serialRank,0.84,0.08,0.21,0.02,0.5,0.05,0.84,0.53
Basketball_temporal/2006,syncRank,2.0,0.0,0.5,0.0,0.9,0.0,0.01,0.0
Basketball_temporal/2007,OURS_MFAS,0.67,0.0,0.17,0.0,0.61,0.0,1.14,0.0
Basketball_temporal/2007,OURS_MFAS_INS1,0.67,0.0,0.17,0.0,0.61,0.0,1.13,0.0
Basketball_temporal/2007,OURS_MFAS_INS2,0.67,0.0,0.17,0.0,0.61,0.0,1.13,0.0
Basketball_temporal/2007,OURS_MFAS_INS3,0.67,0.0,0.17,0.0,0.61,0.0,1.14,0.0
Basketball_temporal/2007,PageRank,1.94,0.0,0.49,0.0,1.41,0.0,0.02,0.0
Basketball_temporal/2007,SVD_NRS,0.67,0.0,0.17,0.0,0.61,0.0,1.13,0.0
Basketball_temporal/2007,SVD_RS,0.89,0.0,0.22,0.0,0.67,0.0,0.01,0.0
Basketball_temporal/2007,SpringRank,1.87,0.0,0.47,0.0,0.9,0.0,0.42,0.0
Basketball_temporal/2007,btl,0.84,0.0,0.21,0.0,0.65,0.0,0.0,0.0
Basketball_temporal/2007,davidScore,0.89,0.0,0.22,0.0,0.69,0.18,0.01,0.0
Basketball_temporal/2007,eigenvectorCentrality,0.89,0.0,0.22,0.0,0.57,0.0,0.0,0.0
Basketball_temporal/2007,rankCentrality,0.92,0.0,0.23,0.0,0.67,0.0,0.0,0.0
Basketball_temporal/2007,serialRank,0.94,0.01,0.24,0.0,0.57,0.0,0.03,0.0
Basketball_temporal/2007,syncRank,2.06,0.08,0.52,0.02,0.9,0.0,0.01,0.0
Basketball_temporal/2008,OURS_MFAS,0.69,0.0,0.17,0.0,0.61,0.0,1.16,0.0
Basketball_temporal/2008,OURS_MFAS_INS1,0.69,0.0,0.17,0.0,0.61,0.0,1.16,0.0
Basketball_temporal/2008,OURS_MFAS_INS2,0.69,0.0,0.17,0.0,0.61,0.0,1.16,0.0
Basketball_temporal/2008,OURS_MFAS_INS3,0.69,0.0,0.17,0.0,0.61,0.0,1.16,0.0
Basketball_temporal/2008,PageRank,1.92,0.0,0.48,0.0,1.33,0.0,0.02,0.0
Basketball_temporal/2008,SVD_NRS,0.69,0.0,0.17,0.0,0.61,0.0,1.16,0.0
Basketball_temporal/2008,SVD_RS,0.9,0.0,0.23,0.0,0.67,0.0,0.01,0.0
Basketball_temporal/2008,SpringRank,1.75,0.0,0.44,0.0,0.9,0.0,0.44,0.0
Basketball_temporal/2008,btl,0.8,0.0,0.2,0.0,0.65,0.0,0.0,0.0
Basketball_temporal/2008,davidScore,0.9,0.0,0.22,0.0,0.73,0.17,0.01,0.0
Basketball_temporal/2008,eigenvectorCentrality,0.93,0.0,0.23,0.0,0.58,0.0,0.0,0.0
Basketball_temporal/2008,rankCentrality,0.98,0.0,0.24,0.0,0.7,0.0,0.0,0.0
Basketball_temporal/2008,serialRank,0.9,0.07,0.22,0.02,0.55,0.04,0.45,0.63
Basketball_temporal/2008,syncRank,2.01,0.0,0.5,0.0,0.9,0.0,0.01,0.0
Basketball_temporal/2009,OURS_MFAS,0.65,0.0,0.16,0.0,0.59,0.0,1.25,0.0
Basketball_temporal/2009,OURS_MFAS_INS1,0.65,0.0,0.16,0.0,0.59,0.0,1.25,0.0
Basketball_temporal/2009,OURS_MFAS_INS2,0.65,0.0,0.16,0.0,0.59,0.0,1.25,0.0
Basketball_temporal/2009,OURS_MFAS_INS3,0.65,0.0,0.16,0.0,0.59,0.0,1.25,0.0
Basketball_temporal/2009,PageRank,1.89,0.0,0.47,0.0,1.24,0.0,0.02,0.0
Basketball_temporal/2009,SVD_NRS,0.65,0.0,0.16,0.0,0.59,0.0,1.24,0.0
Basketball_temporal/2009,SVD_RS,0.88,0.0,0.22,0.0,0.66,0.0,0.01,0.0
Basketball_temporal/2009,SpringRank,1.74,0.0,0.43,0.0,0.9,0.0,0.45,0.0
Basketball_temporal/2009,btl,0.76,0.0,0.19,0.0,0.65,0.0,0.0,0.0
Basketball_temporal/2009,davidScore,0.85,0.0,0.21,0.0,0.69,0.19,0.01,0.0
Basketball_temporal/2009,eigenvectorCentrality,0.86,0.0,0.21,0.0,0.56,0.0,0.0,0.0
Basketball_temporal/2009,rankCentrality,0.95,0.0,0.24,0.0,0.69,0.0,0.0,0.0
Basketball_temporal/2009,serialRank,0.94,0.02,0.24,0.0,0.57,0.01,0.04,0.0
Basketball_temporal/2009,syncRank,2.02,0.0,0.51,0.0,0.9,0.0,0.01,0.0
Basketball_temporal/2010,OURS_MFAS,0.65,0.0,0.16,0.0,0.6,0.0,1.16,0.0
Basketball_temporal/2010,OURS_MFAS_INS1,0.65,0.0,0.16,0.0,0.6,0.0,1.15,0.0
Basketball_temporal/2010,OURS_MFAS_INS2,0.65,0.0,0.16,0.0,0.6,0.0,1.18,0.01
Basketball_temporal/2010,OURS_MFAS_INS3,0.65,0.0,0.16,0.0,0.6,0.0,1.16,0.0
Basketball_temporal/2010,PageRank,2.03,0.0,0.51,0.0,1.35,0.0,0.02,0.0
Basketball_temporal/2010,SVD_NRS,0.65,0.0,0.16,0.0,0.6,0.0,1.15,0.0
Basketball_temporal/2010,SVD_RS,0.91,0.0,0.23,0.0,0.67,0.0,0.01,0.0
Basketball_temporal/2010,SpringRank,1.55,0.0,0.39,0.0,0.91,0.0,0.45,0.0
Basketball_temporal/2010,btl,0.77,0.0,0.19,0.0,0.66,0.0,0.0,0.0
Basketball_temporal/2010,davidScore,0.92,0.0,0.23,0.0,0.71,0.18,0.01,0.0
Basketball_temporal/2010,eigenvectorCentrality,0.91,0.0,0.23,0.0,0.58,0.0,0.0,0.0
Basketball_temporal/2010,rankCentrality,0.93,0.0,0.23,0.0,0.69,0.0,0.0,0.0
Basketball_temporal/2010,serialRank,0.85,0.1,0.21,0.02,0.52,0.06,0.64,0.6
Basketball_temporal/2010,syncRank,1.97,0.0,0.49,0.0,0.91,0.0,0.01,0.0
Basketball_temporal/2011,OURS_MFAS,0.68,0.0,0.17,0.0,0.61,0.0,1.15,0.0
Basketball_temporal/2011,OURS_MFAS_INS1,0.68,0.0,0.17,0.0,0.61,0.0,1.14,0.0
Basketball_temporal/2011,OURS_MFAS_INS2,0.68,0.0,0.17,0.0,0.61,0.0,1.14,0.0
Basketball_temporal/2011,OURS_MFAS_INS3,0.68,0.0,0.17,0.0,0.61,0.0,1.15,0.0
Basketball_temporal/2011,PageRank,2.03,0.0,0.51,0.0,1.34,0.0,0.02,0.0
Basketball_temporal/2011,SVD_NRS,0.68,0.0,0.17,0.0,0.6,0.0,1.14,0.0
Basketball_temporal/2011,SVD_RS,0.87,0.0,0.22,0.0,0.68,0.0,0.01,0.0
Basketball_temporal/2011,SpringRank,1.63,0.0,0.41,0.0,0.9,0.0,0.45,0.0
Basketball_temporal/2011,btl,0.79,0.0,0.2,0.0,0.66,0.0,0.0,0.0
Basketball_temporal/2011,davidScore,0.88,0.0,0.22,0.0,0.84,0.11,0.01,0.0
Basketball_temporal/2011,eigenvectorCentrality,0.89,0.0,0.22,0.0,0.58,0.0,0.0,0.0
Basketball_temporal/2011,rankCentrality,0.95,0.0,0.24,0.0,0.7,0.0,0.0,0.0
Basketball_temporal/2011,serialRank,0.85,0.08,0.21,0.02,0.52,0.05,0.7,0.66
Basketball_temporal/2011,syncRank,1.96,0.0,0.49,0.0,0.9,0.0,0.01,0.0
Basketball_temporal/2012,OURS_MFAS,0.63,0.0,0.16,0.0,0.59,0.0,1.14,0.0
Basketball_temporal/2012,OURS_MFAS_INS1,0.63,0.0,0.16,0.0,0.59,0.0,1.14,0.01
Basketball_temporal/2012,OURS_MFAS_INS2,0.63,0.0,0.16,0.0,0.59,0.0,1.15,0.0
Basketball_temporal/2012,OURS_MFAS_INS3,0.63,0.0,0.16,0.0,0.59,0.0,1.14,0.0
Basketball_temporal/2012,PageRank,1.96,0.0,0.49,0.0,1.42,0.0,0.02,0.0
Basketball_temporal/2012,SVD_NRS,0.63,0.0,0.16,0.0,0.59,0.0,1.13,0.0
Basketball_temporal/2012,SVD_RS,0.85,0.0,0.21,0.0,0.64,0.0,0.01,0.0
Basketball_temporal/2012,SpringRank,1.81,0.0,0.45,0.0,0.9,0.0,0.45,0.0
Basketball_temporal/2012,btl,0.77,0.0,0.19,0.0,0.64,0.0,0.0,0.0
Basketball_temporal/2012,davidScore,0.85,0.0,0.21,0.0,0.69,0.19,0.01,0.0
Basketball_temporal/2012,eigenvectorCentrality,0.84,0.0,0.21,0.0,0.56,0.0,0.0,0.0
Basketball_temporal/2012,rankCentrality,0.9,0.0,0.22,0.0,0.66,0.0,0.01,0.0
Basketball_temporal/2012,serialRank,0.88,0.08,0.22,0.02,0.54,0.05,0.29,0.5
Basketball_temporal/2012,syncRank,1.97,0.0,0.49,0.0,0.91,0.0,0.01,0.0
Basketball_temporal/2013,OURS_MFAS,0.66,0.0,0.16,0.0,0.61,0.0,1.18,0.0
Basketball_temporal/2013,OURS_MFAS_INS1,0.66,0.0,0.16,0.0,0.61,0.0,1.18,0.0
Basketball_temporal/2013,OURS_MFAS_INS2,0.66,0.0,0.16,0.0,0.61,0.0,1.18,0.0
Basketball_temporal/2013,OURS_MFAS_INS3,0.66,0.0,0.16,0.0,0.61,0.0,1.18,0.0
Basketball_temporal/2013,PageRank,1.95,0.0,0.49,0.0,1.34,0.0,0.02,0.0
Basketball_temporal/2013,SVD_NRS,0.66,0.0,0.16,0.0,0.61,0.0,1.17,0.0
Basketball_temporal/2013,SVD_RS,0.9,0.0,0.23,0.0,0.7,0.0,0.01,0.0
Basketball_temporal/2013,SpringRank,1.71,0.0,0.43,0.0,0.9,0.0,0.45,0.0
Basketball_temporal/2013,btl,0.8,0.0,0.2,0.0,0.67,0.0,0.0,0.0
Basketball_temporal/2013,davidScore,0.9,0.0,0.22,0.0,0.64,0.16,0.01,0.0
Basketball_temporal/2013,eigenvectorCentrality,0.87,0.0,0.22,0.0,0.59,0.0,0.0,0.0
Basketball_temporal/2013,rankCentrality,1.0,0.0,0.25,0.0,0.73,0.0,0.0,0.0
Basketball_temporal/2013,serialRank,0.95,0.06,0.24,0.02,0.58,0.03,0.15,0.36
Basketball_temporal/2013,syncRank,2.04,0.03,0.51,0.01,0.91,0.0,0.01,0.0
Basketball_temporal/2014,OURS_MFAS,0.68,0.0,0.17,0.0,0.61,0.0,1.23,0.0
Basketball_temporal/2014,OURS_MFAS_INS1,0.68,0.0,0.17,0.0,0.61,0.0,1.22,0.0
Basketball_temporal/2014,OURS_MFAS_INS2,0.68,0.0,0.17,0.0,0.61,0.0,1.22,0.0
Basketball_temporal/2014,OURS_MFAS_INS3,0.68,0.0,0.17,0.0,0.61,0.0,1.23,0.0
Basketball_temporal/2014,PageRank,1.94,0.0,0.48,0.0,1.41,0.0,0.03,0.0
Basketball_temporal/2014,SVD_NRS,0.68,0.0,0.17,0.0,0.61,0.0,1.21,0.0
Basketball_temporal/2014,SVD_RS,0.87,0.0,0.22,0.0,0.67,0.0,0.01,0.0
Basketball_temporal/2014,SpringRank,1.72,0.0,0.43,0.0,0.9,0.0,0.46,0.0
Basketball_temporal/2014,btl,0.79,0.0,0.2,0.0,0.66,0.0,0.0,0.0
Basketball_temporal/2014,davidScore,0.88,0.0,0.22,0.0,0.73,0.18,0.01,0.0
Basketball_temporal/2014,eigenvectorCentrality,0.91,0.0,0.23,0.0,0.58,0.0,0.0,0.0
Basketball_temporal/2014,rankCentrality,1.01,0.0,0.25,0.0,0.72,0.0,0.0,0.0
Basketball_temporal/2014,serialRank,0.87,0.09,0.22,0.02,0.52,0.06,1.07,1.04
Basketball_temporal/2014,syncRank,2.06,0.0,0.52,0.0,0.9,0.0,0.01,0.0
Basketball_temporal/finer1985,OURS_MFAS,1.25,0.0,0.31,0.0,0.14,0.0,2.8,0.01
Basketball_temporal/finer1985,OURS_MFAS_INS1,1.25,0.0,0.31,0.0,0.14,0.0,2.81,0.01
Basketball_temporal/finer1985,OURS_MFAS_INS2,1.25,0.0,0.31,0.0,0.14,0.0,2.81,0.01
Basketball_temporal/finer1985,OURS_MFAS_INS3,1.25,0.0,0.31,0.0,0.14,0.0,2.8,0.01
Basketball_temporal/finer1985,PageRank,1.93,0.14,0.51,0.06,0.57,0.0,0.02,0.0
Basketball_temporal/finer1985,SVD_NRS,1.25,0.0,0.31,0.0,0.14,0.0,2.8,0.01
Basketball_temporal/finer1985,SVD_RS,0.87,0.0,0.22,0.0,0.46,0.0,0.01,0.0
Basketball_temporal/finer1985,SpringRank,1.63,0.0,0.41,0.0,0.01,0.0,0.37,0.0
Basketball_temporal/finer1985,btl,0.83,0.0,0.21,0.0,0.47,0.0,0.0,0.0
Basketball_temporal/finer1985,davidScore,1.18,0.0,0.29,0.0,0.01,0.0,0.01,0.0
Basketball_temporal/finer1985,eigenvectorCentrality,1.16,0.0,0.29,0.0,0.01,0.0,0.0,0.0
Basketball_temporal/finer1985,rankCentrality,1.0,0.0,0.25,0.0,0.46,0.0,0.0,0.0
Basketball_temporal/finer1985,serialRank,1.46,0.05,0.36,0.01,0.01,0.0,0.04,0.0
Basketball_temporal/finer1985,syncRank,2.02,0.1,0.51,0.03,0.01,0.0,0.01,0.0
Basketball_temporal/finer1986,OURS_MFAS,1.09,0.0,0.27,0.0,0.13,0.0,2.86,0.01
Basketball_temporal/finer1986,OURS_MFAS_INS1,1.09,0.0,0.27,0.0,0.13,0.0,2.87,0.01
Basketball_temporal/finer1986,OURS_MFAS_INS2,1.09,0.0,0.27,0.0,0.13,0.0,2.86,0.01
Basketball_temporal/finer1986,OURS_MFAS_INS3,1.09,0.0,0.27,0.0,0.13,0.0,2.86,0.01
Basketball_temporal/finer1986,PageRank,1.99,0.0,0.5,0.0,0.6,0.0,0.02,0.0
Basketball_temporal/finer1986,SVD_NRS,1.09,0.0,0.27,0.0,0.13,0.0,2.86,0.02
Basketball_temporal/finer1986,SVD_RS,0.86,0.0,0.21,0.0,0.49,0.0,0.01,0.0
Basketball_temporal/finer1986,SpringRank,1.81,0.0,0.45,0.0,0.01,0.0,0.37,0.0
Basketball_temporal/finer1986,btl,0.84,0.0,0.21,0.0,0.49,0.0,0.0,0.0
Basketball_temporal/finer1986,davidScore,1.16,0.0,0.29,0.0,0.01,0.0,0.01,0.0
Basketball_temporal/finer1986,eigenvectorCentrality,1.15,0.0,0.29,0.0,0.01,0.0,0.0,0.0
Basketball_temporal/finer1986,rankCentrality,1.09,0.0,0.27,0.0,0.48,0.0,0.0,0.0
Basketball_temporal/finer1986,serialRank,1.42,0.06,0.36,0.02,0.01,0.0,0.04,0.0
Basketball_temporal/finer1986,syncRank,1.99,0.0,0.5,0.0,0.01,0.0,0.01,0.0
Basketball_temporal/finer1987,OURS_MFAS,1.21,0.0,0.3,0.0,0.14,0.0,3.13,0.01
Basketball_temporal/finer1987,OURS_MFAS_INS1,1.21,0.0,0.3,0.0,0.14,0.0,3.12,0.01
Basketball_temporal/finer1987,OURS_MFAS_INS2,1.21,0.0,0.3,0.0,0.14,0.0,3.13,0.02
Basketball_temporal/finer1987,OURS_MFAS_INS3,1.21,0.0,0.3,0.0,0.14,0.0,3.13,0.01
Basketball_temporal/finer1987,PageRank,1.95,0.0,0.49,0.0,0.58,0.0,0.02,0.0
Basketball_temporal/finer1987,SVD_NRS,1.21,0.0,0.3,0.0,0.14,0.0,3.13,0.02
Basketball_temporal/finer1987,SVD_RS,0.91,0.0,0.23,0.0,0.48,0.0,0.01,0.0
Basketball_temporal/finer1987,SpringRank,1.79,0.0,0.45,0.0,0.01,0.0,0.39,0.0
Basketball_temporal/finer1987,btl,0.89,0.0,0.22,0.0,0.51,0.0,0.0,0.0
Basketball_temporal/finer1987,davidScore,1.17,0.0,0.29,0.0,0.01,0.0,0.01,0.0
Basketball_temporal/finer1987,eigenvectorCentrality,1.21,0.0,0.3,0.0,0.01,0.0,0.0,0.0
Basketball_temporal/finer1987,rankCentrality,0.99,0.0,0.25,0.0,0.46,0.0,0.0,0.0
Basketball_temporal/finer1987,serialRank,1.41,0.06,0.35,0.01,0.01,0.0,0.04,0.0
Basketball_temporal/finer1987,syncRank,1.87,0.0,0.47,0.0,0.01,0.0,0.01,0.0
Basketball_temporal/finer1988,OURS_MFAS,1.17,0.0,0.29,0.0,0.14,0.0,3.2,0.01
Basketball_temporal/finer1988,OURS_MFAS_INS1,1.17,0.0,0.29,0.0,0.14,0.0,3.21,0.01
Basketball_temporal/finer1988,OURS_MFAS_INS2,1.17,0.0,0.29,0.0,0.14,0.0,3.2,0.02
Basketball_temporal/finer1988,OURS_MFAS_INS3,1.17,0.0,0.29,0.0,0.14,0.0,3.2,0.01
Basketball_temporal/finer1988,PageRank,1.97,0.0,0.49,0.0,0.57,0.0,0.02,0.0
Basketball_temporal/finer1988,SVD_NRS,1.17,0.0,0.29,0.0,0.14,0.0,3.21,0.02
Basketball_temporal/finer1988,SVD_RS,0.83,0.0,0.21,0.0,0.52,0.0,0.01,0.0
Basketball_temporal/finer1988,SpringRank,1.83,0.13,0.46,0.03,0.02,0.02,0.39,0.0
Basketball_temporal/finer1988,btl,0.84,0.0,0.21,0.0,0.52,0.0,0.0,0.0
Basketball_temporal/finer1988,davidScore,1.23,0.0,0.31,0.0,0.01,0.0,0.01,0.0
Basketball_temporal/finer1988,eigenvectorCentrality,1.19,0.0,0.3,0.0,0.01,0.0,0.0,0.0
Basketball_temporal/finer1988,rankCentrality,0.97,0.0,0.24,0.0,0.56,0.0,0.0,0.0
Basketball_temporal/finer1988,serialRank,1.43,0.1,0.36,0.03,0.01,0.0,0.04,0.0
Basketball_temporal/finer1988,syncRank,1.9,0.0,0.48,0.0,0.01,0.0,0.01,0.0
Basketball_temporal/finer1989,OURS_MFAS,1.16,0.0,0.29,0.0,0.13,0.0,3.38,0.01
Basketball_temporal/finer1989,OURS_MFAS_INS1,1.16,0.0,0.29,0.0,0.13,0.0,3.38,0.02
Basketball_temporal/finer1989,OURS_MFAS_INS2,1.16,0.0,0.29,0.0,0.13,0.0,3.38,0.01
Basketball_temporal/finer1989,OURS_MFAS_INS3,1.16,0.0,0.29,0.0,0.13,0.0,3.38,0.01
Basketball_temporal/finer1989,PageRank,1.94,0.0,0.49,0.0,0.56,0.0,0.02,0.0
Basketball_temporal/finer1989,SVD_NRS,1.16,0.0,0.29,0.0,0.13,0.0,3.38,0.01
Basketball_temporal/finer1989,SVD_RS,0.9,0.0,0.23,0.0,0.49,0.0,0.01,0.0
Basketball_temporal/finer1989,SpringRank,1.67,0.0,0.42,0.0,0.01,0.0,0.4,0.0
Basketball_temporal/finer1989,btl,0.83,0.0,0.21,0.0,0.49,0.0,0.0,0.0
Basketball_temporal/finer1989,davidScore,1.13,0.0,0.28,0.0,0.01,0.0,0.01,0.0
Basketball_temporal/finer1989,eigenvectorCentrality,1.14,0.0,0.29,0.0,0.01,0.0,0.0,0.0
Basketball_temporal/finer1989,rankCentrality,0.99,0.0,0.25,0.0,0.49,0.0,0.0,0.0
Basketball_temporal/finer1989,serialRank,1.43,0.05,0.36,0.01,0.01,0.0,0.04,0.0
Basketball_temporal/finer1989,syncRank,1.86,0.0,0.46,0.0,0.01,0.0,0.01,0.0
Basketball_temporal/finer1990,OURS_MFAS,1.16,0.0,0.29,0.0,0.14,0.0,3.41,0.02
Basketball_temporal/finer1990,OURS_MFAS_INS1,1.16,0.0,0.29,0.0,0.14,0.0,3.41,0.02
Basketball_temporal/finer1990,OURS_MFAS_INS2,1.16,0.0,0.29,0.0,0.14,0.0,3.42,0.01
Basketball_temporal/finer1990,OURS_MFAS_INS3,1.16,0.0,0.29,0.0,0.14,0.0,3.41,0.02
Basketball_temporal/finer1990,PageRank,1.98,0.0,0.5,0.0,0.55,0.0,0.02,0.0
Basketball_temporal/finer1990,SVD_NRS,1.16,0.0,0.29,0.0,0.14,0.0,3.42,0.01
Basketball_temporal/finer1990,SVD_RS,0.84,0.0,0.21,0.0,0.49,0.0,0.01,0.0
Basketball_temporal/finer1990,SpringRank,1.67,0.0,0.42,0.0,0.01,0.0,0.4,0.0
Basketball_temporal/finer1990,btl,0.82,0.0,0.21,0.0,0.49,0.0,0.0,0.0
Basketball_temporal/finer1990,davidScore,1.28,0.0,0.32,0.0,0.01,0.0,0.01,0.0
Basketball_temporal/finer1990,eigenvectorCentrality,1.17,0.0,0.29,0.0,0.01,0.0,0.0,0.0
Basketball_temporal/finer1990,rankCentrality,0.91,0.0,0.23,0.0,0.48,0.0,0.0,0.0
Basketball_temporal/finer1990,serialRank,1.45,0.05,0.36,0.01,0.01,0.0,0.04,0.0
Basketball_temporal/finer1990,syncRank,1.93,0.0,0.48,0.0,0.01,0.0,0.01,0.0
Basketball_temporal/finer1991,OURS_MFAS,1.14,0.0,0.29,0.0,0.14,0.0,3.49,0.02
Basketball_temporal/finer1991,OURS_MFAS_INS1,1.14,0.0,0.29,0.0,0.14,0.0,3.51,0.02
Basketball_temporal/finer1991,OURS_MFAS_INS2,1.14,0.0,0.29,0.0,0.14,0.0,3.49,0.01
Basketball_temporal/finer1991,OURS_MFAS_INS3,1.14,0.0,0.29,0.0,0.14,0.0,3.49,0.02
Basketball_temporal/finer1991,PageRank,1.97,0.0,0.49,0.0,0.54,0.0,0.02,0.0
Basketball_temporal/finer1991,SVD_NRS,1.14,0.0,0.29,0.0,0.14,0.0,3.48,0.01
Basketball_temporal/finer1991,SVD_RS,0.89,0.0,0.22,0.0,0.47,0.0,0.01,0.0
Basketball_temporal/finer1991,SpringRank,1.83,0.0,0.46,0.0,0.01,0.0,0.4,0.0
Basketball_temporal/finer1991,btl,0.83,0.0,0.21,0.0,0.49,0.0,0.0,0.0
Basketball_temporal/finer1991,davidScore,1.38,0.0,0.35,0.0,0.01,0.0,0.01,0.0
Basketball_temporal/finer1991,eigenvectorCentrality,1.31,0.0,0.33,0.0,0.01,0.0,0.0,0.0
Basketball_temporal/finer1991,rankCentrality,0.99,0.0,0.25,0.0,0.49,0.0,0.0,0.0
Basketball_temporal/finer1991,serialRank,1.36,0.06,0.34,0.02,0.01,0.0,0.04,0.0
Basketball_temporal/finer1991,syncRank,2.03,0.0,0.51,0.0,0.01,0.0,0.01,0.0
Basketball_temporal/finer1992,OURS_MFAS,1.11,0.0,0.28,0.0,0.13,0.0,3.52,0.01
Basketball_temporal/finer1992,OURS_MFAS_INS1,1.11,0.0,0.28,0.0,0.13,0.0,3.53,0.02
Basketball_temporal/finer1992,OURS_MFAS_INS2,1.11,0.0,0.28,0.0,0.13,0.0,3.54,0.02
Basketball_temporal/finer1992,OURS_MFAS_INS3,1.11,0.0,0.28,0.0,0.13,0.0,3.52,0.01
Basketball_temporal/finer1992,PageRank,1.87,0.0,0.47,0.0,0.55,0.0,0.02,0.0
Basketball_temporal/finer1992,SVD_NRS,1.11,0.0,0.28,0.0,0.13,0.0,3.54,0.02
Basketball_temporal/finer1992,SVD_RS,0.84,0.0,0.21,0.0,0.49,0.0,0.01,0.0
Basketball_temporal/finer1992,SpringRank,1.72,0.0,0.43,0.0,0.01,0.0,0.41,0.0
Basketball_temporal/finer1992,btl,0.77,0.0,0.19,0.0,0.49,0.0,0.0,0.0
Basketball_temporal/finer1992,davidScore,1.26,0.0,0.31,0.0,0.01,0.0,0.01,0.0
Basketball_temporal/finer1992,eigenvectorCentrality,1.21,0.0,0.3,0.0,0.01,0.0,0.0,0.0
Basketball_temporal/finer1992,rankCentrality,0.95,0.0,0.24,0.0,0.44,0.0,0.0,0.0
Basketball_temporal/finer1992,serialRank,1.33,0.06,0.33,0.01,0.01,0.0,0.04,0.0
Basketball_temporal/finer1992,syncRank,1.88,0.0,0.47,0.0,0.01,0.0,0.01,0.0
Basketball_temporal/finer1993,OURS_MFAS,1.15,0.0,0.29,0.0,0.14,0.0,3.2,0.01
Basketball_temporal/finer1993,OURS_MFAS_INS1,1.15,0.0,0.29,0.0,0.14,0.0,3.19,0.01
Basketball_temporal/finer1993,OURS_MFAS_INS2,1.15,0.0,0.29,0.0,0.14,0.0,3.2,0.02
Basketball_temporal/finer1993,OURS_MFAS_INS3,1.15,0.0,0.29,0.0,0.14,0.0,3.2,0.01
Basketball_temporal/finer1993,PageRank,1.93,0.13,0.51,0.06,0.58,0.0,0.03,0.01
Basketball_temporal/finer1993,SVD_NRS,1.15,0.0,0.29,0.0,0.14,0.0,3.19,0.01
Basketball_temporal/finer1993,SVD_RS,0.86,0.0,0.21,0.0,0.49,0.0,0.01,0.0
Basketball_temporal/finer1993,SpringRank,1.66,0.0,0.42,0.0,0.01,0.0,0.4,0.0
Basketball_temporal/finer1993,btl,0.78,0.0,0.2,0.0,0.51,0.0,0.0,0.0
Basketball_temporal/finer1993,davidScore,1.18,0.0,0.29,0.0,0.01,0.0,0.01,0.0
Basketball_temporal/finer1993,eigenvectorCentrality,1.1,0.0,0.27,0.0,0.01,0.0,0.0,0.0
Basketball_temporal/finer1993,rankCentrality,0.98,0.0,0.25,0.0,0.47,0.0,0.0,0.0
Basketball_temporal/finer1993,serialRank,1.35,0.05,0.34,0.01,0.01,0.0,0.04,0.0
Basketball_temporal/finer1993,syncRank,2.03,0.0,0.51,0.0,0.01,0.0,0.01,0.0
Basketball_temporal/finer1994,OURS_MFAS,1.15,0.0,0.29,0.0,0.14,0.0,3.28,0.01
Basketball_temporal/finer1994,OURS_MFAS_INS1,1.15,0.0,0.29,0.0,0.14,0.0,3.3,0.02
Basketball_temporal/finer1994,OURS_MFAS_INS2,1.15,0.0,0.29,0.0,0.14,0.0,3.29,0.01
Basketball_temporal/finer1994,OURS_MFAS_INS3,1.15,0.0,0.29,0.0,0.14,0.0,3.28,0.01
Basketball_temporal/finer1994,PageRank,1.94,0.0,0.49,0.0,0.58,0.0,0.02,0.0
Basketball_temporal/finer1994,SVD_NRS,1.15,0.0,0.29,0.0,0.14,0.0,3.3,0.02
Basketball_temporal/finer1994,SVD_RS,0.83,0.0,0.21,0.0,0.49,0.0,0.01,0.0
Basketball_temporal/finer1994,SpringRank,1.69,0.0,0.42,0.0,0.01,0.0,0.41,0.0
Basketball_temporal/finer1994,btl,0.78,0.0,0.19,0.0,0.49,0.0,0.0,0.0
Basketball_temporal/finer1994,davidScore,1.23,0.0,0.31,0.0,0.01,0.0,0.01,0.0
Basketball_temporal/finer1994,eigenvectorCentrality,1.1,0.0,0.27,0.0,0.01,0.0,0.0,0.0
Basketball_temporal/finer1994,rankCentrality,0.9,0.0,0.22,0.0,0.46,0.0,0.0,0.0
Basketball_temporal/finer1994,serialRank,1.35,0.08,0.34,0.02,0.01,0.0,0.04,0.0
Basketball_temporal/finer1994,syncRank,2.01,0.0,0.5,0.0,0.01,0.0,0.01,0.0
Basketball_temporal/finer1995,OURS_MFAS,1.19,0.0,0.3,0.0,0.14,0.0,3.39,0.01
Basketball_temporal/finer1995,OURS_MFAS_INS1,1.19,0.0,0.3,0.0,0.14,0.0,3.41,0.01
Basketball_temporal/finer1995,OURS_MFAS_INS2,1.19,0.0,0.3,0.0,0.14,0.0,3.4,0.02
Basketball_temporal/finer1995,OURS_MFAS_INS3,1.19,0.0,0.3,0.0,0.14,0.0,3.39,0.01
Basketball_temporal/finer1995,PageRank,1.92,0.0,0.48,0.0,0.55,0.0,0.02,0.0
Basketball_temporal/finer1995,SVD_NRS,1.19,0.0,0.3,0.0,0.14,0.0,3.4,0.02
Basketball_temporal/finer1995,SVD_RS,0.87,0.0,0.22,0.0,0.49,0.0,0.01,0.0
Basketball_temporal/finer1995,SpringRank,1.78,0.0,0.44,0.0,0.01,0.0,0.41,0.0
Basketball_temporal/finer1995,btl,0.83,0.0,0.21,0.0,0.5,0.0,0.0,0.0
Basketball_temporal/finer1995,davidScore,1.19,0.0,0.3,0.0,0.01,0.0,0.01,0.0
Basketball_temporal/finer1995,eigenvectorCentrality,1.13,0.0,0.28,0.0,0.01,0.0,0.0,0.0
Basketball_temporal/finer1995,rankCentrality,0.95,0.0,0.24,0.0,0.47,0.0,0.0,0.0
Basketball_temporal/finer1995,serialRank,1.35,0.06,0.34,0.02,0.01,0.0,0.04,0.0
Basketball_temporal/finer1995,syncRank,1.89,0.0,0.47,0.0,0.01,0.0,0.01,0.0
Basketball_temporal/finer1996,OURS_MFAS,1.21,0.0,0.3,0.0,0.14,0.0,3.61,0.02
Basketball_temporal/finer1996,OURS_MFAS_INS1,1.21,0.0,0.3,0.0,0.14,0.0,3.6,0.01
Basketball_temporal/finer1996,OURS_MFAS_INS2,1.21,0.0,0.3,0.0,0.14,0.0,3.62,0.02
Basketball_temporal/finer1996,OURS_MFAS_INS3,1.21,0.0,0.3,0.0,0.14,0.0,3.61,0.02
Basketball_temporal/finer1996,PageRank,1.94,0.0,0.49,0.0,0.56,0.0,0.02,0.0
Basketball_temporal/finer1996,SVD_NRS,1.21,0.0,0.3,0.0,0.14,0.0,3.61,0.02
Basketball_temporal/finer1996,SVD_RS,0.95,0.0,0.24,0.0,0.47,0.0,0.01,0.0
Basketball_temporal/finer1996,SpringRank,1.67,0.0,0.42,0.0,0.01,0.0,0.42,0.0
Basketball_temporal/finer1996,btl,0.88,0.0,0.22,0.0,0.48,0.0,0.0,0.0
Basketball_temporal/finer1996,davidScore,1.22,0.0,0.3,0.0,0.01,0.0,0.01,0.0
Basketball_temporal/finer1996,eigenvectorCentrality,1.2,0.0,0.3,0.0,0.01,0.0,0.0,0.0
Basketball_temporal/finer1996,rankCentrality,1.08,0.0,0.27,0.0,0.45,0.0,0.0,0.0
Basketball_temporal/finer1996,serialRank,1.44,0.06,0.36,0.02,0.01,0.0,0.04,0.0
Basketball_temporal/finer1996,syncRank,1.95,0.0,0.49,0.0,0.01,0.0,0.01,0.0
Basketball_temporal/finer1997,OURS_MFAS,1.22,0.0,0.31,0.0,0.15,0.0,3.77,0.01
Basketball_temporal/finer1997,OURS_MFAS_INS1,1.22,0.0,0.31,0.0,0.15,0.0,3.76,0.02
Basketball_temporal/finer1997,OURS_MFAS_INS2,1.22,0.0,0.31,0.0,0.15,0.0,3.76,0.02
Basketball_temporal/finer1997,OURS_MFAS_INS3,1.22,0.0,0.31,0.0,0.15,0.0,3.77,0.01
Basketball_temporal/finer1997,PageRank,2.05,0.0,0.51,0.0,0.56,0.0,0.02,0.0
Basketball_temporal/finer1997,SVD_NRS,1.22,0.0,0.31,0.0,0.15,0.0,3.76,0.02
Basketball_temporal/finer1997,SVD_RS,0.92,0.0,0.23,0.0,0.47,0.0,0.01,0.0
Basketball_temporal/finer1997,SpringRank,1.77,0.0,0.44,0.0,0.01,0.0,0.42,0.0
Basketball_temporal/finer1997,btl,0.86,0.0,0.21,0.0,0.5,0.0,0.0,0.0
Basketball_temporal/finer1997,davidScore,1.19,0.0,0.3,0.0,0.01,0.0,0.01,0.0
Basketball_temporal/finer1997,eigenvectorCentrality,1.16,0.0,0.29,0.0,0.01,0.0,0.0,0.0
Basketball_temporal/finer1997,rankCentrality,0.96,0.0,0.24,0.0,0.48,0.0,0.0,0.0
Basketball_temporal/finer1997,serialRank,1.4,0.04,0.35,0.01,0.01,0.0,0.04,0.0
Basketball_temporal/finer1997,syncRank,1.94,0.0,0.49,0.0,0.01,0.0,0.01,0.0
Basketball_temporal/finer1998,OURS_MFAS,1.2,0.0,0.3,0.0,0.13,0.0,3.84,0.02
Basketball_temporal/finer1998,OURS_MFAS_INS1,1.2,0.0,0.3,0.0,0.13,0.0,3.84,0.02
Basketball_temporal/finer1998,OURS_MFAS_INS2,1.2,0.0,0.3,0.0,0.13,0.0,3.84,0.02
Basketball_temporal/finer1998,OURS_MFAS_INS3,1.2,0.0,0.3,0.0,0.13,0.0,3.84,0.02
Basketball_temporal/finer1998,PageRank,1.86,0.14,0.5,0.06,0.56,0.0,0.02,0.0
Basketball_temporal/finer1998,SVD_NRS,1.2,0.0,0.3,0.0,0.13,0.0,3.82,0.02
Basketball_temporal/finer1998,SVD_RS,0.9,0.0,0.22,0.0,0.45,0.0,0.01,0.0
Basketball_temporal/finer1998,SpringRank,1.7,0.0,0.42,0.0,0.01,0.0,0.43,0.0
Basketball_temporal/finer1998,btl,0.83,0.0,0.21,0.0,0.5,0.0,0.0,0.0
Basketball_temporal/finer1998,davidScore,1.14,0.0,0.29,0.0,0.01,0.0,0.01,0.0
Basketball_temporal/finer1998,eigenvectorCentrality,1.13,0.0,0.28,0.0,0.01,0.0,0.0,0.0
Basketball_temporal/finer1998,rankCentrality,0.97,0.0,0.24,0.0,0.47,0.0,0.0,0.0
Basketball_temporal/finer1998,serialRank,1.36,0.07,0.34,0.02,0.01,0.0,0.04,0.0
Basketball_temporal/finer1998,syncRank,1.92,0.0,0.48,0.0,0.01,0.0,0.01,0.0
Basketball_temporal/finer1999,OURS_MFAS,0.96,0.02,0.3,0.0,0.14,0.0,3.96,0.01
Basketball_temporal/finer1999,OURS_MFAS_INS1,1.2,0.0,0.3,0.0,0.14,0.0,3.96,0.02
Basketball_temporal/finer1999,OURS_MFAS_INS2,1.2,0.0,0.3,0.0,0.14,0.0,3.98,0.02
Basketball_temporal/finer1999,OURS_MFAS_INS3,1.2,0.0,0.3,0.0,0.14,0.0,3.96,0.01
Basketball_temporal/finer1999,PageRank,1.99,0.0,0.5,0.0,0.57,0.0,0.02,0.0
Basketball_temporal/finer1999,SVD_NRS,1.2,0.0,0.3,0.0,0.14,0.0,3.97,0.02
Basketball_temporal/finer1999,SVD_RS,0.94,0.0,0.24,0.0,0.46,0.0,0.01,0.0
Basketball_temporal/finer1999,SpringRank,1.64,0.0,0.41,0.0,0.01,0.0,0.44,0.0
Basketball_temporal/finer1999,btl,0.86,0.0,0.22,0.0,0.5,0.0,0.0,0.0
Basketball_temporal/finer1999,davidScore,1.17,0.0,0.29,0.0,0.01,0.0,0.01,0.0
Basketball_temporal/finer1999,eigenvectorCentrality,1.11,0.0,0.28,0.0,0.01,0.0,0.0,0.0
Basketball_temporal/finer1999,rankCentrality,1.17,0.0,0.29,0.0,0.48,0.0,0.0,0.0
Basketball_temporal/finer1999,serialRank,1.38,0.07,0.34,0.02,0.01,0.0,0.04,0.0
Basketball_temporal/finer1999,syncRank,2.02,0.0,0.5,0.0,0.01,0.0,0.01,0.0
Basketball_temporal/finer2000,OURS_MFAS,1.18,0.0,0.3,0.0,0.15,0.0,4.64,0.03
Basketball_temporal/finer2000,OURS_MFAS_INS1,1.18,0.0,0.3,0.0,0.15,0.0,4.63,0.02
Basketball_temporal/finer2000,OURS_MFAS_INS2,1.18,0.0,0.3,0.0,0.15,0.0,4.66,0.02
Basketball_temporal/finer2000,OURS_MFAS_INS3,1.18,0.0,0.3,0.0,0.15,0.0,4.64,0.03
Basketball_temporal/finer2000,PageRank,1.92,0.0,0.48,0.0,0.55,0.0,0.02,0.0
Basketball_temporal/finer2000,SVD_NRS,1.18,0.0,0.3,0.0,0.15,0.0,4.64,0.02
Basketball_temporal/finer2000,SVD_RS,0.95,0.0,0.24,0.0,0.47,0.0,0.01,0.0
Basketball_temporal/finer2000,SpringRank,1.75,0.0,0.44,0.0,0.01,0.0,0.46,0.0
Basketball_temporal/finer2000,btl,0.9,0.0,0.23,0.0,0.51,0.0,0.0,0.0
Basketball_temporal/finer2000,davidScore,1.26,0.0,0.32,0.0,0.01,0.0,0.01,0.0
Basketball_temporal/finer2000,eigenvectorCentrality,1.18,0.0,0.3,0.0,0.01,0.0,0.0,0.0
Basketball_temporal/finer2000,rankCentrality,1.12,0.0,0.28,0.0,0.5,0.0,0.0,0.0
Basketball_temporal/finer2000,serialRank,1.39,0.05,0.35,0.01,0.01,0.0,0.05,0.0
Basketball_temporal/finer2000,syncRank,1.97,0.0,0.49,0.0,0.01,0.0,0.01,0.0
Basketball_temporal/finer2001,OURS_MFAS,1.2,0.0,0.3,0.0,0.13,0.0,4.37,0.02
Basketball_temporal/finer2001,OURS_MFAS_INS1,1.2,0.0,0.3,0.0,0.13,0.0,4.39,0.02
Basketball_temporal/finer2001,OURS_MFAS_INS2,1.2,0.0,0.3,0.0,0.13,0.0,4.39,0.02
Basketball_temporal/finer2001,OURS_MFAS_INS3,1.2,0.0,0.3,0.0,0.13,0.0,4.37,0.02
Basketball_temporal/finer2001,PageRank,2.03,0.0,0.51,0.0,0.59,0.0,0.02,0.0
Basketball_temporal/finer2001,SVD_NRS,1.2,0.0,0.3,0.0,0.13,0.0,4.38,0.02
Basketball_temporal/finer2001,SVD_RS,0.97,0.0,0.24,0.0,0.47,0.0,0.01,0.0
Basketball_temporal/finer2001,SpringRank,1.69,0.0,0.42,0.0,0.01,0.0,0.46,0.0
Basketball_temporal/finer2001,btl,0.86,0.0,0.21,0.0,0.51,0.0,0.0,0.0
Basketball_temporal/finer2001,davidScore,1.25,0.0,0.31,0.0,0.01,0.0,0.01,0.0
Basketball_temporal/finer2001,eigenvectorCentrality,1.18,0.0,0.3,0.0,0.01,0.0,0.0,0.0
Basketball_temporal/finer2001,rankCentrality,1.08,0.0,0.27,0.0,0.51,0.0,0.0,0.0
Basketball_temporal/finer2001,serialRank,1.41,0.06,0.35,0.01,0.01,0.0,0.05,0.0
Basketball_temporal/finer2001,syncRank,2.06,0.0,0.51,0.0,0.01,0.0,0.01,0.0
Basketball_temporal/finer2002,OURS_MFAS,1.18,0.0,0.29,0.0,0.13,0.0,4.47,0.02
Basketball_temporal/finer2002,OURS_MFAS_INS1,1.18,0.0,0.29,0.0,0.13,0.0,4.51,0.02
Basketball_temporal/finer2002,OURS_MFAS_INS2,1.18,0.0,0.29,0.0,0.13,0.0,4.49,0.02
Basketball_temporal/finer2002,OURS_MFAS_INS3,1.18,0.0,0.29,0.0,0.13,0.0,4.47,0.02
Basketball_temporal/finer2002,PageRank,2.03,0.0,0.51,0.0,0.57,0.0,0.03,0.0
Basketball_temporal/finer2002,SVD_NRS,1.18,0.0,0.29,0.0,0.13,0.0,4.49,0.02
Basketball_temporal/finer2002,SVD_RS,0.92,0.0,0.23,0.0,0.5,0.0,0.01,0.0
Basketball_temporal/finer2002,SpringRank,1.75,0.0,0.44,0.0,0.01,0.0,0.46,0.0
Basketball_temporal/finer2002,btl,0.89,0.0,0.22,0.0,0.51,0.0,0.0,0.0
Basketball_temporal/finer2002,davidScore,1.2,0.0,0.3,0.0,0.01,0.0,0.01,0.0
Basketball_temporal/finer2002,eigenvectorCentrality,1.13,0.0,0.28,0.0,0.01,0.0,0.0,0.0
Basketball_temporal/finer2002,rankCentrality,1.07,0.0,0.27,0.0,0.51,0.0,0.0,0.0
Basketball_temporal/finer2002,serialRank,1.43,0.08,0.36,0.02,0.01,0.0,0.05,0.0
Basketball_temporal/finer2002,syncRank,1.86,0.0,0.47,0.0,0.01,0.0,0.01,0.0
Basketball_temporal/finer2003,OURS_MFAS,1.22,0.0,0.3,0.0,0.14,0.0,4.74,0.02
Basketball_temporal/finer2003,OURS_MFAS_INS1,1.22,0.0,0.3,0.0,0.14,0.0,4.75,0.02
Basketball_temporal/finer2003,OURS_MFAS_INS2,1.22,0.0,0.3,0.0,0.14,0.0,4.76,0.02
Basketball_temporal/finer2003,OURS_MFAS_INS3,1.22,0.0,0.3,0.0,0.14,0.0,4.74,0.02
Basketball_temporal/finer2003,PageRank,2.0,0.0,0.5,0.0,0.58,0.0,0.03,0.0
Basketball_temporal/finer2003,SVD_NRS,1.22,0.0,0.3,0.0,0.14,0.0,4.73,0.02
Basketball_temporal/finer2003,SVD_RS,0.95,0.0,0.24,0.0,0.48,0.0,0.01,0.0
Basketball_temporal/finer2003,SpringRank,1.78,0.0,0.45,0.0,0.01,0.0,0.48,0.0
Basketball_temporal/finer2003,btl,0.91,0.0,0.23,0.0,0.5,0.0,0.0,0.0
Basketball_temporal/finer2003,davidScore,1.18,0.0,0.29,0.0,0.01,0.0,0.01,0.0
Basketball_temporal/finer2003,eigenvectorCentrality,1.14,0.0,0.29,0.0,0.01,0.0,0.0,0.0
Basketball_temporal/finer2003,rankCentrality,1.02,0.0,0.26,0.0,0.47,0.0,0.0,0.0
Basketball_temporal/finer2003,serialRank,1.46,0.09,0.36,0.02,0.01,0.0,0.05,0.0
Basketball_temporal/finer2003,syncRank,2.0,0.08,0.5,0.02,0.01,0.0,0.01,0.0
Basketball_temporal/finer2004,OURS_MFAS,1.21,0.0,0.3,0.0,0.13,0.0,4.67,0.02
Basketball_temporal/finer2004,OURS_MFAS_INS1,1.21,0.0,0.3,0.0,0.13,0.0,4.67,0.01
Basketball_temporal/finer2004,OURS_MFAS_INS2,1.21,0.0,0.3,0.0,0.13,0.0,4.68,0.03
Basketball_temporal/finer2004,OURS_MFAS_INS3,1.21,0.0,0.3,0.0,0.13,0.0,4.67,0.02
Basketball_temporal/finer2004,PageRank,1.97,0.0,0.49,0.0,0.57,0.0,0.02,0.0
Basketball_temporal/finer2004,SVD_NRS,1.21,0.0,0.3,0.0,0.13,0.0,4.67,0.03
Basketball_temporal/finer2004,SVD_RS,0.88,0.0,0.22,0.0,0.47,0.0,0.01,0.0
Basketball_temporal/finer2004,SpringRank,1.68,0.0,0.42,0.0,0.01,0.0,0.48,0.0
Basketball_temporal/finer2004,btl,0.8,0.0,0.2,0.0,0.52,0.0,0.0,0.0
Basketball_temporal/finer2004,davidScore,1.17,0.0,0.29,0.0,0.01,0.0,0.01,0.0
Basketball_temporal/finer2004,eigenvectorCentrality,1.13,0.0,0.28,0.0,0.01,0.0,0.0,0.0
Basketball_temporal/finer2004,rankCentrality,0.95,0.0,0.24,0.0,0.45,0.0,0.0,0.0
Basketball_temporal/finer2004,serialRank,1.41,0.06,0.35,0.01,0.01,0.0,0.05,0.0
Basketball_temporal/finer2004,syncRank,1.87,0.0,0.47,0.0,0.01,0.0,0.01,0.0
Basketball_temporal/finer2005,OURS_MFAS,1.23,0.0,0.31,0.0,0.15,0.0,4.91,0.04
Basketball_temporal/finer2005,OURS_MFAS_INS1,1.23,0.0,0.31,0.0,0.15,0.0,4.9,0.02
Basketball_temporal/finer2005,OURS_MFAS_INS2,1.23,0.0,0.31,0.0,0.15,0.0,4.88,0.03
Basketball_temporal/finer2005,OURS_MFAS_INS3,1.23,0.0,0.31,0.0,0.15,0.0,4.91,0.04
Basketball_temporal/finer2005,PageRank,1.96,0.14,0.52,0.06,0.6,0.0,0.03,0.01
Basketball_temporal/finer2005,SVD_NRS,1.23,0.0,0.31,0.0,0.15,0.0,4.9,0.02
Basketball_temporal/finer2005,SVD_RS,0.95,0.0,0.24,0.0,0.47,0.0,0.01,0.0
Basketball_temporal/finer2005,SpringRank,1.82,0.0,0.46,0.0,0.01,0.0,0.49,0.0
Basketball_temporal/finer2005,btl,0.88,0.0,0.22,0.0,0.51,0.0,0.0,0.0
Basketball_temporal/finer2005,davidScore,1.14,0.0,0.29,0.0,0.01,0.0,0.01,0.0
Basketball_temporal/finer2005,eigenvectorCentrality,1.09,0.0,0.27,0.0,0.01,0.0,0.0,0.0
Basketball_temporal/finer2005,rankCentrality,1.08,0.0,0.27,0.0,0.43,0.0,0.0,0.0
Basketball_temporal/finer2005,serialRank,1.38,0.06,0.34,0.01,0.01,0.0,0.05,0.0
Basketball_temporal/finer2005,syncRank,1.93,0.0,0.48,0.0,0.01,0.0,0.01,0.0
Basketball_temporal/finer2006,OURS_MFAS,1.22,0.0,0.31,0.0,0.14,0.0,5.18,0.01
Basketball_temporal/finer2006,OURS_MFAS_INS1,1.22,0.0,0.31,0.0,0.14,0.0,5.2,0.03
Basketball_temporal/finer2006,OURS_MFAS_INS2,1.22,0.0,0.31,0.0,0.14,0.0,5.19,0.02
Basketball_temporal/finer2006,OURS_MFAS_INS3,1.22,0.0,0.31,0.0,0.14,0.0,5.18,0.01
Basketball_temporal/finer2006,PageRank,1.92,0.13,0.51,0.06,0.57,0.0,0.03,0.0
Basketball_temporal/finer2006,SVD_NRS,1.22,0.0,0.31,0.0,0.14,0.0,5.2,0.02
Basketball_temporal/finer2006,SVD_RS,0.94,0.0,0.23,0.0,0.48,0.0,0.01,0.0
Basketball_temporal/finer2006,SpringRank,1.76,0.0,0.44,0.0,0.01,0.0,0.5,0.0
Basketball_temporal/finer2006,btl,0.85,0.0,0.21,0.0,0.51,0.0,0.0,0.0
Basketball_temporal/finer2006,davidScore,1.21,0.0,0.3,0.0,0.01,0.0,0.01,0.0
Basketball_temporal/finer2006,eigenvectorCentrality,1.11,0.0,0.28,0.0,0.01,0.0,0.0,0.0
Basketball_temporal/finer2006,rankCentrality,1.06,0.0,0.27,0.0,0.46,0.0,0.0,0.0
Basketball_temporal/finer2006,serialRank,1.4,0.07,0.35,0.02,0.01,0.0,0.05,0.0
Basketball_temporal/finer2006,syncRank,1.97,0.0,0.49,0.0,0.01,0.0,0.01,0.0
Basketball_temporal/finer2007,OURS_MFAS,1.23,0.0,0.31,0.0,0.14,0.0,5.94,0.03
Basketball_temporal/finer2007,OURS_MFAS_INS1,1.23,0.0,0.31,0.0,0.14,0.0,5.95,0.03
Basketball_temporal/finer2007,OURS_MFAS_INS2,1.23,0.0,0.31,0.0,0.14,0.0,5.97,0.02
Basketball_temporal/finer2007,OURS_MFAS_INS3,1.23,0.0,0.31,0.0,0.14,0.0,5.94,0.03
Basketball_temporal/finer2007,PageRank,1.92,0.0,0.48,0.0,0.53,0.0,0.02,0.0
Basketball_temporal/finer2007,SVD_NRS,1.23,0.0,0.31,0.0,0.14,0.0,5.97,0.02
Basketball_temporal/finer2007,SVD_RS,0.93,0.0,0.23,0.0,0.48,0.0,0.01,0.0
Basketball_temporal/finer2007,SpringRank,1.85,0.0,0.46,0.0,0.01,0.0,0.52,0.0
Basketball_temporal/finer2007,btl,0.93,0.0,0.23,0.0,0.53,0.0,0.0,0.0
Basketball_temporal/finer2007,davidScore,1.15,0.0,0.29,0.0,0.01,0.0,0.01,0.0
Basketball_temporal/finer2007,eigenvectorCentrality,1.09,0.0,0.27,0.0,0.01,0.0,0.0,0.0
Basketball_temporal/finer2007,rankCentrality,0.95,0.0,0.24,0.0,0.49,0.0,0.0,0.0
Basketball_temporal/finer2007,serialRank,1.39,0.05,0.35,0.01,0.01,0.0,0.05,0.0
Basketball_temporal/finer2007,syncRank,1.94,0.13,0.49,0.03,0.01,0.0,0.01,0.0
Basketball_temporal/finer2008,OURS_MFAS,1.18,0.0,0.3,0.0,0.12,0.0,6.27,0.03
Basketball_temporal/finer2008,OURS_MFAS_INS1,1.18,0.0,0.3,0.0,0.12,0.0,6.3,0.03
Basketball_temporal/finer2008,OURS_MFAS_INS2,1.18,0.0,0.3,0.0,0.12,0.0,6.29,0.03
Basketball_temporal/finer2008,OURS_MFAS_INS3,1.18,0.0,0.3,0.0,0.12,0.0,6.27,0.03
Basketball_temporal/finer2008,PageRank,1.96,0.0,0.49,0.0,0.59,0.0,0.03,0.0
Basketball_temporal/finer2008,SVD_NRS,1.18,0.0,0.3,0.0,0.12,0.0,6.27,0.03
Basketball_temporal/finer2008,SVD_RS,0.91,0.0,0.23,0.0,0.47,0.0,0.01,0.0
Basketball_temporal/finer2008,SpringRank,1.72,0.0,0.43,0.0,0.01,0.0,0.54,0.0
Basketball_temporal/finer2008,btl,0.88,0.0,0.22,0.0,0.51,0.0,0.0,0.0
Basketball_temporal/finer2008,davidScore,1.2,0.0,0.3,0.0,0.01,0.0,0.01,0.0
Basketball_temporal/finer2008,eigenvectorCentrality,1.13,0.0,0.28,0.0,0.01,0.0,0.0,0.0
Basketball_temporal/finer2008,rankCentrality,0.99,0.0,0.25,0.0,0.47,0.0,0.0,0.0
Basketball_temporal/finer2008,serialRank,1.36,0.08,0.34,0.02,0.01,0.0,0.05,0.0
Basketball_temporal/finer2008,syncRank,1.98,0.0,0.49,0.0,0.01,0.0,0.01,0.0
Basketball_temporal/finer2009,OURS_MFAS,1.22,0.0,0.31,0.0,0.14,0.0,6.43,0.04
Basketball_temporal/finer2009,OURS_MFAS_INS1,1.22,0.0,0.31,0.0,0.14,0.0,6.45,0.03
Basketball_temporal/finer2009,OURS_MFAS_INS2,1.22,0.0,0.31,0.0,0.14,0.0,6.45,0.04
Basketball_temporal/finer2009,OURS_MFAS_INS3,1.22,0.0,0.31,0.0,0.14,0.0,6.43,0.04
Basketball_temporal/finer2009,PageRank,2.06,0.0,0.52,0.0,0.57,0.0,0.03,0.0
Basketball_temporal/finer2009,SVD_NRS,1.22,0.0,0.31,0.0,0.14,0.0,6.45,0.03
Basketball_temporal/finer2009,SVD_RS,0.91,0.0,0.23,0.0,0.49,0.0,0.01,0.0
Basketball_temporal/finer2009,SpringRank,1.71,0.0,0.43,0.0,0.01,0.0,0.55,0.0
Basketball_temporal/finer2009,btl,0.9,0.0,0.22,0.0,0.52,0.0,0.0,0.0
Basketball_temporal/finer2009,davidScore,1.17,0.0,0.29,0.0,0.01,0.0,0.01,0.0
Basketball_temporal/finer2009,eigenvectorCentrality,1.12,0.0,0.28,0.0,0.01,0.0,0.0,0.0
Basketball_temporal/finer2009,rankCentrality,0.99,0.0,0.25,0.0,0.5,0.0,0.0,0.0
Basketball_temporal/finer2009,serialRank,1.37,0.04,0.34,0.01,0.01,0.0,0.05,0.0
Basketball_temporal/finer2009,syncRank,2.02,0.04,0.5,0.01,0.01,0.0,0.01,0.0
Basketball_temporal/finer2010,OURS_MFAS,1.2,0.0,0.3,0.0,0.14,0.0,6.49,0.02
Basketball_temporal/finer2010,OURS_MFAS_INS1,1.2,0.0,0.3,0.0,0.14,0.0,6.54,0.04
Basketball_temporal/finer2010,OURS_MFAS_INS2,1.2,0.0,0.3,0.0,0.14,0.0,6.51,0.04
Basketball_temporal/finer2010,OURS_MFAS_INS3,1.2,0.0,0.3,0.0,0.14,0.0,6.49,0.02
Basketball_temporal/finer2010,PageRank,1.97,0.0,0.49,0.0,0.58,0.0,0.03,0.0
Basketball_temporal/finer2010,SVD_NRS,1.2,0.0,0.3,0.0,0.14,0.0,6.51,0.03
Basketball_temporal/finer2010,SVD_RS,0.92,0.0,0.23,0.0,0.47,0.0,0.01,0.0
Basketball_temporal/finer2010,SpringRank,1.68,0.0,0.42,0.0,0.01,0.0,0.55,0.0
Basketball_temporal/finer2010,btl,0.84,0.0,0.21,0.0,0.52,0.0,0.0,0.0
Basketball_temporal/finer2010,davidScore,1.1,0.0,0.28,0.0,0.01,0.0,0.01,0.0
Basketball_temporal/finer2010,eigenvectorCentrality,1.13,0.0,0.28,0.0,0.01,0.0,0.0,0.0
Basketball_temporal/finer2010,rankCentrality,0.94,0.0,0.24,0.0,0.48,0.0,0.0,0.0
Basketball_temporal/finer2010,serialRank,1.34,0.06,0.33,0.02,0.01,0.0,0.05,0.0
Basketball_temporal/finer2010,syncRank,1.98,0.0,0.49,0.0,0.01,0.0,0.01,0.0
Basketball_temporal/finer2011,OURS_MFAS,1.25,0.0,0.31,0.0,0.14,0.0,6.45,0.03
Basketball_temporal/finer2011,OURS_MFAS_INS1,1.25,0.0,0.31,0.0,0.14,0.0,6.48,0.02
Basketball_temporal/finer2011,OURS_MFAS_INS2,1.25,0.0,0.31,0.0,0.14,0.0,6.49,0.03
Basketball_temporal/finer2011,OURS_MFAS_INS3,1.25,0.0,0.31,0.0,0.14,0.0,6.45,0.03
Basketball_temporal/finer2011,PageRank,2.01,0.0,0.5,0.0,0.59,0.0,0.03,0.0
Basketball_temporal/finer2011,SVD_NRS,1.25,0.0,0.31,0.0,0.14,0.0,6.46,0.04
Basketball_temporal/finer2011,SVD_RS,0.89,0.0,0.22,0.0,0.47,0.0,0.01,0.0
Basketball_temporal/finer2011,SpringRank,1.65,0.0,0.41,0.0,0.01,0.0,0.55,0.0
Basketball_temporal/finer2011,btl,0.87,0.0,0.22,0.0,0.52,0.0,0.0,0.0
Basketball_temporal/finer2011,davidScore,1.12,0.0,0.28,0.0,0.01,0.0,0.01,0.0
Basketball_temporal/finer2011,eigenvectorCentrality,1.14,0.0,0.28,0.0,0.01,0.0,0.0,0.0
Basketball_temporal/finer2011,rankCentrality,0.96,0.0,0.24,0.0,0.46,0.0,0.0,0.0
Basketball_temporal/finer2011,serialRank,1.36,0.06,0.34,0.01,0.01,0.0,0.05,0.0
Basketball_temporal/finer2011,syncRank,1.96,0.0,0.49,0.0,0.01,0.0,0.01,0.0
Basketball_temporal/finer2012,OURS_MFAS,1.19,0.0,0.3,0.0,0.14,0.0,6.57,0.02
Basketball_temporal/finer2012,OURS_MFAS_INS1,1.19,0.0,0.3,0.0,0.14,0.0,6.61,0.04
Basketball_temporal/finer2012,OURS_MFAS_INS2,1.19,0.0,0.3,0.0,0.14,0.0,6.56,0.03
Basketball_temporal/finer2012,OURS_MFAS_INS3,1.19,0.0,0.3,0.0,0.14,0.0,6.57,0.02
Basketball_temporal/finer2012,PageRank,1.91,0.0,0.48,0.0,0.57,0.0,0.03,0.0
Basketball_temporal/finer2012,SVD_NRS,1.19,0.0,0.3,0.0,0.14,0.0,6.57,0.03
Basketball_temporal/finer2012,SVD_RS,0.89,0.0,0.22,0.0,0.48,0.0,0.01,0.0
Basketball_temporal/finer2012,SpringRank,1.68,0.0,0.42,0.0,0.01,0.0,0.55,0.0
Basketball_temporal/finer2012,btl,0.83,0.0,0.21,0.0,0.52,0.0,0.0,0.0
Basketball_temporal/finer2012,davidScore,1.17,0.0,0.29,0.0,0.01,0.0,0.01,0.0
Basketball_temporal/finer2012,eigenvectorCentrality,1.1,0.0,0.28,0.0,0.01,0.0,0.0,0.0
Basketball_temporal/finer2012,rankCentrality,0.93,0.0,0.23,0.0,0.48,0.0,0.0,0.0
Basketball_temporal/finer2012,serialRank,1.37,0.07,0.34,0.02,0.01,0.0,0.05,0.0
Basketball_temporal/finer2012,syncRank,1.97,0.0,0.49,0.0,0.01,0.0,0.01,0.0
Basketball_temporal/finer2013,OURS_MFAS,1.21,0.0,0.3,0.0,0.14,0.0,6.65,0.03
Basketball_temporal/finer2013,OURS_MFAS_INS1,1.21,0.0,0.3,0.0,0.14,0.0,6.66,0.03
Basketball_temporal/finer2013,OURS_MFAS_INS2,1.21,0.0,0.3,0.0,0.14,0.0,6.66,0.03
Basketball_temporal/finer2013,OURS_MFAS_INS3,1.21,0.0,0.3,0.0,0.14,0.0,6.65,0.03
Basketball_temporal/finer2013,PageRank,1.97,0.0,0.49,0.0,0.56,0.0,0.03,0.0
Basketball_temporal/finer2013,SVD_NRS,1.21,0.0,0.3,0.0,0.14,0.0,6.65,0.03
Basketball_temporal/finer2013,SVD_RS,0.92,0.0,0.23,0.0,0.48,0.0,0.01,0.0
Basketball_temporal/finer2013,SpringRank,1.73,0.0,0.43,0.0,0.01,0.0,0.56,0.0
Basketball_temporal/finer2013,btl,0.88,0.0,0.22,0.0,0.52,0.0,0.0,0.0
Basketball_temporal/finer2013,davidScore,1.15,0.0,0.29,0.0,0.01,0.0,0.01,0.0
Basketball_temporal/finer2013,eigenvectorCentrality,1.13,0.0,0.28,0.0,0.01,0.0,0.0,0.0
Basketball_temporal/finer2013,rankCentrality,1.01,0.0,0.25,0.0,0.46,0.0,0.0,0.0
Basketball_temporal/finer2013,serialRank,1.37,0.07,0.34,0.02,0.01,0.0,0.05,0.0
Basketball_temporal/finer2013,syncRank,2.06,0.0,0.52,0.0,0.01,0.0,0.01,0.0
Basketball_temporal/finer2014,OURS_MFAS,1.21,0.0,0.3,0.0,0.14,0.0,6.7,0.03
Basketball_temporal/finer2014,OURS_MFAS_INS1,1.21,0.0,0.3,0.0,0.14,0.0,6.71,0.04
Basketball_temporal/finer2014,OURS_MFAS_INS2,1.21,0.0,0.3,0.0,0.14,0.0,6.73,0.03
Basketball_temporal/finer2014,OURS_MFAS_INS3,1.21,0.0,0.3,0.0,0.14,0.0,6.7,0.03
Basketball_temporal/finer2014,PageRank,1.97,0.0,0.49,0.0,0.56,0.0,0.03,0.0
Basketball_temporal/finer2014,SVD_NRS,1.21,0.0,0.3,0.0,0.14,0.0,6.73,0.04
Basketball_temporal/finer2014,SVD_RS,0.88,0.0,0.22,0.0,0.47,0.0,0.01,0.0
Basketball_temporal/finer2014,SpringRank,1.69,0.0,0.42,0.0,0.01,0.0,0.57,0.0
Basketball_temporal/finer2014,btl,0.86,0.0,0.22,0.0,0.53,0.0,0.0,0.0
Basketball_temporal/finer2014,davidScore,1.18,0.0,0.3,0.0,0.01,0.0,0.01,0.0
Basketball_temporal/finer2014,eigenvectorCentrality,1.13,0.0,0.28,0.0,0.01,0.0,0.0,0.0
Basketball_temporal/finer2014,rankCentrality,1.02,0.0,0.26,0.0,0.48,0.0,0.0,0.0
Basketball_temporal/finer2014,serialRank,1.42,0.09,0.36,0.02,0.01,0.0,0.05,0.0
Basketball_temporal/finer2014,syncRank,2.07,0.0,0.52,0.0,0.01,0.0,0.01,0.0
Dryad_animal_society,DIGRACib,0.9089704259729184,0.4204389000738673,0.3957740067173035,0.261312330017643,0.7356993546130276,0.1543574752150999,,
Dryad_animal_society,OURS_MFAS,0.38,0.0,0.09,0.0,0.4,0.0,0.02,0.0
Dryad_animal_society,OURS_MFAS_INS1,0.38,0.0,0.09,0.0,0.4,0.0,0.02,0.0
Dryad_animal_society,OURS_MFAS_INS2,0.38,0.0,0.09,0.0,0.4,0.0,0.02,0.0
Dryad_animal_society,OURS_MFAS_INS3,0.38,0.0,0.09,0.0,0.4,0.0,0.02,0.0
Dryad_animal_society,PageRank,1.96,0.0,0.49,0.0,1.34,0.0,0.0,0.0
Dryad_animal_society,SVD_NRS,0.38,0.0,0.09,0.0,0.4,0.0,0.02,0.0
Dryad_animal_society,SVD_RS,0.53,0.0,0.13,0.0,0.42,0.0,0.0,0.0
Dryad_animal_society,SpringRank,1.52,0.08,0.38,0.02,0.81,0.02,0.02,0.02
Dryad_animal_society,btl,0.33,0.0,0.08,0.0,0.41,0.0,0.0,0.0
Dryad_animal_society,davidScore,0.55,0.0,0.14,0.0,0.54,0.17,0.0,0.0
Dryad_animal_society,eigenvectorCentrality,0.65,0.0,0.16,0.0,0.44,0.0,0.0,0.0
Dryad_animal_society,rankCentrality,1.03,0.0,0.26,0.0,0.62,0.0,0.01,0.02
Dryad_animal_society,serialRank,0.45,0.0,0.11,0.0,0.22,0.0,0.91,0.01
Dryad_animal_society,syncRank,2.06,0.35,0.56,0.09,0.88,0.0,0.0,0.0
FacultyHiringNetworks/Business/Business_FM_Full_,OURS_MFAS,0.36,0.0,0.09,0.0,0.51,0.0,0.11,0.0
FacultyHiringNetworks/Business/Business_FM_Full_,OURS_MFAS_INS1,0.36,0.0,0.09,0.0,0.51,0.0,0.11,0.0
FacultyHiringNetworks/Business/Business_FM_Full_,OURS_MFAS_INS2,0.36,0.0,0.09,0.0,0.51,0.0,0.11,0.0
FacultyHiringNetworks/Business/Business_FM_Full_,OURS_MFAS_INS3,0.36,0.0,0.09,0.0,0.51,0.0,0.11,0.0
FacultyHiringNetworks/Business/Business_FM_Full_,PageRank,2.01,0.02,0.5,0.01,1.43,0.12,0.0,0.0
FacultyHiringNetworks/Business/Business_FM_Full_,SVD_NRS,0.36,0.0,0.09,0.0,0.5,0.0,0.11,0.0
FacultyHiringNetworks/Business/Business_FM_Full_,SVD_RS,0.46,0.0,0.12,0.0,0.62,0.0,0.0,0.0
FacultyHiringNetworks/Business/Business_FM_Full_,SpringRank,0.84,0.03,0.21,0.01,0.98,0.0,0.1,0.0
FacultyHiringNetworks/Business/Business_FM_Full_,btl,0.49,0.0,0.12,0.0,0.52,0.0,0.0,0.0
FacultyHiringNetworks/Business/Business_FM_Full_,davidScore,0.49,0.0,0.12,0.0,0.79,0.21,0.0,0.0
FacultyHiringNetworks/Business/Business_FM_Full_,eigenvectorCentrality,0.49,0.0,0.12,0.0,0.44,0.0,0.0,0.0
FacultyHiringNetworks/Business/Business_FM_Full_,rankCentrality,0.68,0.0,0.17,0.0,0.64,0.0,0.0,0.0
FacultyHiringNetworks/Business/Business_FM_Full_,serialRank,0.41,0.01,0.1,0.0,0.34,0.0,0.02,0.0
FacultyHiringNetworks/Business/Business_FM_Full_,syncRank,1.19,0.0,0.3,0.0,0.99,0.0,0.0,0.0
FacultyHiringNetworks/ComputerScience/ComputerScience_FM_Full_,OURS_MFAS,0.24,0.0,0.06,0.0,0.57,0.0,0.13,0.0
FacultyHiringNetworks/ComputerScience/ComputerScience_FM_Full_,OURS_MFAS_INS1,0.24,0.0,0.06,0.0,0.57,0.0,0.13,0.0
FacultyHiringNetworks/ComputerScience/ComputerScience_FM_Full_,OURS_MFAS_INS2,0.24,0.0,0.06,0.0,0.57,0.0,0.13,0.0
FacultyHiringNetworks/ComputerScience/ComputerScience_FM_Full_,OURS_MFAS_INS3,0.24,0.0,0.06,0.0,0.57,0.0,0.13,0.0
FacultyHiringNetworks/ComputerScience/ComputerScience_FM_Full_,PageRank,1.99,0.26,0.5,0.07,1.33,0.16,0.01,0.0
FacultyHiringNetworks/ComputerScience/ComputerScience_FM_Full_,SVD_NRS,0.24,0.0,0.06,0.0,0.57,0.0,0.13,0.0
FacultyHiringNetworks/ComputerScience/ComputerScience_FM_Full_,SVD_RS,0.58,0.0,0.15,0.0,0.72,0.0,0.0,0.0
FacultyHiringNetworks/ComputerScience/ComputerScience_FM_Full_,SpringRank,1.04,0.0,0.26,0.0,0.99,0.0,0.18,0.0
FacultyHiringNetworks/ComputerScience/ComputerScience_FM_Full_,btl,0.61,0.0,0.15,0.0,0.51,0.0,0.0,0.0
FacultyHiringNetworks/ComputerScience/ComputerScience_FM_Full_,davidScore,0.51,0.0,0.13,0.0,0.77,0.19,0.0,0.0
FacultyHiringNetworks/ComputerScience/ComputerScience_FM_Full_,eigenvectorCentrality,0.45,0.0,0.11,0.0,0.4,0.0,0.0,0.0
FacultyHiringNetworks/ComputerScience/ComputerScience_FM_Full_,rankCentrality,0.93,0.0,0.23,0.0,0.73,0.0,0.0,0.0
FacultyHiringNetworks/ComputerScience/ComputerScience_FM_Full_,serialRank,0.34,0.01,0.08,0.0,0.28,0.0,0.08,0.01
FacultyHiringNetworks/ComputerScience/ComputerScience_FM_Full_,syncRank,1.93,0.15,0.56,0.04,1.0,0.0,0.01,0.0
FacultyHiringNetworks/History/History_FM_Full_,OURS_MFAS,0.23,0.0,0.06,0.0,0.51,0.0,0.1,0.0
FacultyHiringNetworks/History/History_FM_Full_,OURS_MFAS_INS1,0.23,0.0,0.06,0.0,0.51,0.0,0.1,0.0
FacultyHiringNetworks/History/History_FM_Full_,OURS_MFAS_INS2,0.23,0.0,0.06,0.0,0.51,0.0,0.11,0.0
FacultyHiringNetworks/History/History_FM_Full_,OURS_MFAS_INS3,0.23,0.0,0.06,0.0,0.51,0.0,0.1,0.0
FacultyHiringNetworks/History/History_FM_Full_,PageRank,2.0,0.32,0.5,0.08,1.3,0.12,0.01,0.0
FacultyHiringNetworks/History/History_FM_Full_,SVD_NRS,0.23,0.0,0.06,0.0,0.51,0.0,0.1,0.0
FacultyHiringNetworks/History/History_FM_Full_,SVD_RS,0.38,0.0,0.1,0.0,0.72,0.0,0.0,0.0
FacultyHiringNetworks/History/History_FM_Full_,SpringRank,0.59,0.04,0.15,0.01,0.99,0.0,0.12,0.0
FacultyHiringNetworks/History/History_FM_Full_,btl,0.57,0.0,0.15,0.0,0.49,0.0,0.0,0.0
FacultyHiringNetworks/History/History_FM_Full_,davidScore,0.4,0.0,0.1,0.0,0.77,0.23,0.0,0.0
FacultyHiringNetworks/History/History_FM_Full_,eigenvectorCentrality,0.36,0.0,0.09,0.0,0.35,0.0,0.0,0.0
FacultyHiringNetworks/History/History_FM_Full_,mvr,0.76,0.0,0.19,0.0,0.67,0.0,0.06,0.18
FacultyHiringNetworks/History/History_FM_Full_,rankCentrality,0.95,0.0,0.24,0.0,0.68,0.0,0.0,0.0
FacultyHiringNetworks/History/History_FM_Full_,serialRank,0.3,0.01,0.08,0.0,0.23,0.0,0.05,0.01
FacultyHiringNetworks/History/History_FM_Full_,syncRank,1.81,0.26,0.54,0.07,1.0,0.0,0.0,0.0
Football_data_England_Premier_League/England_2009_2010,OURS_MFAS,1.55,0.16,0.39,0.04,0.49,0.0,5.15,5.37
Football_data_England_Premier_League/England_2009_2010,OURS_MFAS_INS1,0.63,0.0,0.16,0.0,0.49,0.0,0.02,0.0
Football_data_England_Premier_League/England_2009_2010,OURS_MFAS_INS2,0.63,0.0,0.16,0.0,0.49,0.0,0.02,0.0
Football_data_England_Premier_League/England_2009_2010,OURS_MFAS_INS3,0.63,0.0,0.16,0.0,0.49,0.0,0.02,0.0
Football_data_England_Premier_League/England_2009_2010,PageRank,1.82,0.08,0.45,0.02,1.16,0.03,0.0,0.0
Football_data_England_Premier_League/England_2009_2010,SVD_NRS,0.63,0.0,0.16,0.0,0.49,0.0,0.02,0.0
Football_data_England_Premier_League/England_2009_2010,SVD_RS,0.66,0.0,0.16,0.0,0.49,0.0,0.0,0.0
Football_data_England_Premier_League/England_2009_2010,SpringRank,1.44,0.44,0.36,0.11,0.79,0.03,0.02,0.0
Football_data_England_Premier_League/England_2009_2010,btl,0.8,0.0,0.2,0.0,0.55,0.0,0.0,0.0
Football_data_England_Premier_League/England_2009_2010,davidScore,0.93,0.0,0.23,0.0,0.63,0.09,0.0,0.0
Football_data_England_Premier_League/England_2009_2010,eigenvectorCentrality,1.05,0.0,0.26,0.0,0.6,0.0,0.0,0.0
Football_data_England_Premier_League/England_2009_2010,rankCentrality,0.8,0.0,0.2,0.0,0.49,0.0,0.0,0.0
Football_data_England_Premier_League/England_2009_2010,serialRank,0.67,0.07,0.17,0.02,0.48,0.02,0.01,0.01
Football_data_England_Premier_League/England_2009_2010,syncRank,0.93,0.0,0.23,0.0,0.73,0.0,0.0,0.0
Football_data_England_Premier_League/England_2010_2011,OURS_MFAS,1.94,0.2,0.49,0.05,0.66,0.0,3.91,4.82
Football_data_England_Premier_League/England_2010_2011,OURS_MFAS_INS1,0.99,0.0,0.25,0.0,0.66,0.0,0.02,0.0
Football_data_England_Premier_League/England_2010_2011,OURS_MFAS_INS2,0.99,0.0,0.25,0.0,0.66,0.0,0.02,0.0
Football_data_England_Premier_League/England_2010_2011,OURS_MFAS_INS3,0.99,0.0,0.25,0.0,0.66,0.0,0.02,0.0
Football_data_England_Premier_League/England_2010_2011,PageRank,1.87,0.11,0.47,0.03,1.27,0.03,0.0,0.0
Football_data_England_Premier_League/England_2010_2011,SVD_NRS,1.02,0.0,0.25,0.0,0.66,0.0,0.02,0.0
Football_data_England_Premier_League/England_2010_2011,SVD_RS,1.17,0.0,0.29,0.0,0.73,0.0,0.0,0.0
Football_data_England_Premier_League/England_2010_2011,SpringRank,1.81,0.15,0.45,0.04,0.8,0.04,0.02,0.0
Football_data_England_Premier_League/England_2010_2011,btl,1.29,0.0,0.32,0.0,0.76,0.0,0.0,0.0
Football_data_England_Premier_League/England_2010_2011,davidScore,1.34,0.0,0.34,0.0,0.75,0.04,0.0,0.0
Football_data_England_Premier_League/England_2010_2011,eigenvectorCentrality,1.37,0.0,0.34,0.0,0.74,0.0,0.0,0.0
Football_data_England_Premier_League/England_2010_2011,rankCentrality,1.24,0.0,0.31,0.0,0.74,0.0,0.0,0.0
Football_data_England_Premier_League/England_2010_2011,serialRank,1.18,0.04,0.3,0.01,0.66,0.02,0.01,0.01
Football_data_England_Premier_League/England_2010_2011,syncRank,1.54,0.0,0.39,0.0,0.81,0.01,0.0,0.0
Football_data_England_Premier_League/England_2011_2012,OURS_MFAS,1.8,0.19,0.45,0.05,0.56,0.0,8.79,8.36
Football_data_England_Premier_League/England_2011_2012,OURS_MFAS_INS1,0.85,0.0,0.21,0.0,0.56,0.0,0.02,0.0
Football_data_England_Premier_League/England_2011_2012,OURS_MFAS_INS2,0.85,0.0,0.21,0.0,0.56,0.0,0.02,0.0
Football_data_England_Premier_League/England_2011_2012,OURS_MFAS_INS3,0.85,0.0,0.21,0.0,0.56,0.0,0.02,0.0
Football_data_England_Premier_League/England_2011_2012,PageRank,1.6,0.0,0.4,0.0,1.17,0.0,0.0,0.0
Football_data_England_Premier_League/England_2011_2012,SVD_NRS,0.85,0.0,0.21,0.0,0.56,0.0,0.02,0.0
Football_data_England_Premier_League/England_2011_2012,SVD_RS,0.85,0.0,0.21,0.0,0.58,0.0,0.0,0.0
Football_data_England_Premier_League/England_2011_2012,SpringRank,1.57,0.37,0.39,0.09,0.79,0.01,0.02,0.0
Football_data_England_Premier_League/England_2011_2012,btl,0.87,0.0,0.22,0.0,0.7,0.0,0.0,0.0
Football_data_England_Premier_League/England_2011_2012,davidScore,0.99,0.0,0.25,0.0,0.63,0.08,0.0,0.0
Football_data_England_Premier_League/England_2011_2012,eigenvectorCentrality,1.02,0.0,0.25,0.0,0.6,0.0,0.0,0.0
Football_data_England_Premier_League/England_2011_2012,rankCentrality,0.92,0.0,0.23,0.0,0.59,0.0,0.0,0.0
Football_data_England_Premier_League/England_2011_2012,serialRank,0.86,0.04,0.22,0.01,0.53,0.02,0.03,0.01
Football_data_England_Premier_League/England_2011_2012,syncRank,0.95,0.0,0.24,0.0,0.7,0.0,0.0,0.0
Football_data_England_Premier_League/England_2012_2013,OURS_MFAS,1.73,0.18,0.43,0.04,0.6,0.0,2.63,3.19
Football_data_England_Premier_League/England_2012_2013,OURS_MFAS_INS1,0.89,0.0,0.22,0.0,0.6,0.0,0.02,0.0
Football_data_England_Premier_League/England_2012_2013,OURS_MFAS_INS2,0.89,0.0,0.22,0.0,0.6,0.0,0.02,0.0
Football_data_England_Premier_League/England_2012_2013,OURS_MFAS_INS3,0.89,0.0,0.22,0.0,0.6,0.0,0.02,0.0
Football_data_England_Premier_League/England_2012_2013,PageRank,1.65,0.0,0.41,0.0,1.18,0.0,0.0,0.0
Football_data_England_Premier_League/England_2012_2013,SVD_NRS,0.89,0.0,0.22,0.0,0.6,0.0,0.02,0.0
Football_data_England_Premier_League/England_2012_2013,SVD_RS,0.86,0.0,0.22,0.0,0.58,0.0,0.0,0.0
Football_data_England_Premier_League/England_2012_2013,SpringRank,1.5,0.03,0.38,0.01,0.81,0.0,0.02,0.0
Football_data_England_Premier_League/England_2012_2013,btl,0.89,0.0,0.22,0.0,0.6,0.0,0.0,0.0
Football_data_England_Premier_League/England_2012_2013,davidScore,0.94,0.0,0.24,0.0,0.67,0.09,0.0,0.0
Football_data_England_Premier_League/England_2012_2013,eigenvectorCentrality,0.99,0.0,0.25,0.0,0.63,0.0,0.0,0.0
Football_data_England_Premier_League/England_2012_2013,rankCentrality,1.02,0.0,0.25,0.0,0.58,0.0,0.0,0.0
Football_data_England_Premier_League/England_2012_2013,serialRank,0.99,0.05,0.25,0.01,0.53,0.03,0.01,0.01
Football_data_England_Premier_League/England_2012_2013,syncRank,1.41,0.0,0.35,0.0,0.83,0.0,0.0,0.0
Football_data_England_Premier_League/England_2013_2014,OURS_MFAS,1.59,0.11,0.4,0.03,0.53,0.0,6.25,5.46
Football_data_England_Premier_League/England_2013_2014,OURS_MFAS_INS1,0.65,0.0,0.16,0.0,0.53,0.0,0.02,0.0
Football_data_England_Premier_League/England_2013_2014,OURS_MFAS_INS2,0.65,0.0,0.16,0.0,0.53,0.0,0.02,0.0
Football_data_England_Premier_League/England_2013_2014,OURS_MFAS_INS3,0.65,0.0,0.16,0.0,0.53,0.0,0.02,0.0
Football_data_England_Premier_League/England_2013_2014,PageRank,1.96,0.0,0.49,0.0,0.94,0.0,0.0,0.0
Football_data_England_Premier_League/England_2013_2014,SVD_NRS,0.65,0.0,0.16,0.0,0.53,0.0,0.02,0.0
Football_data_England_Premier_League/England_2013_2014,SVD_RS,0.75,0.0,0.19,0.0,0.53,0.0,0.0,0.0
Football_data_England_Premier_League/England_2013_2014,SpringRank,1.64,0.1,0.41,0.03,0.81,0.0,0.02,0.0
Football_data_England_Premier_League/England_2013_2014,btl,0.68,0.0,0.17,0.0,0.59,0.0,0.0,0.0
Football_data_England_Premier_League/England_2013_2014,davidScore,0.92,0.0,0.23,0.0,0.64,0.1,0.0,0.0
Football_data_England_Premier_League/England_2013_2014,eigenvectorCentrality,0.87,0.0,0.22,0.0,0.62,0.0,0.0,0.0
Football_data_England_Premier_League/England_2013_2014,rankCentrality,0.9,0.0,0.22,0.0,0.56,0.0,0.0,0.0
Football_data_England_Premier_League/England_2013_2014,serialRank,0.77,0.05,0.19,0.01,0.48,0.04,0.02,0.01
Football_data_England_Premier_League/England_2013_2014,syncRank,0.78,0.0,0.19,0.0,0.73,0.0,0.0,0.0
Football_data_England_Premier_League/England_2014_2015,OURS_MFAS,1.72,0.2,0.43,0.05,0.75,0.0,0.8,0.08
Football_data_England_Premier_League/England_2014_2015,OURS_MFAS_INS1,0.93,0.0,0.23,0.0,0.75,0.0,0.01,0.0
Football_data_England_Premier_League/England_2014_2015,OURS_MFAS_INS2,0.93,0.0,0.23,0.0,0.75,0.0,0.01,0.0
Football_data_England_Premier_League/England_2014_2015,OURS_MFAS_INS3,0.93,0.0,0.23,0.0,0.75,0.0,0.01,0.0
Football_data_England_Premier_League/England_2014_2015,PageRank,1.79,0.0,0.45,0.0,1.49,0.0,0.0,0.0
Football_data_England_Premier_League/England_2014_2015,SVD_NRS,0.93,0.0,0.23,0.0,0.75,0.0,0.01,0.0
Football_data_England_Premier_League/England_2014_2015,SVD_RS,1.08,0.0,0.27,0.0,0.82,0.0,0.0,0.0
Football_data_England_Premier_League/England_2014_2015,SpringRank,1.81,0.18,0.45,0.05,0.95,0.01,0.02,0.0
Football_data_England_Premier_League/England_2014_2015,btl,1.09,0.0,0.28,0.0,0.98,0.0,0.0,0.0
Football_data_England_Premier_League/England_2014_2015,davidScore,1.27,0.0,0.32,0.0,0.83,0.07,0.0,0.0
Football_data_England_Premier_League/England_2014_2015,eigenvectorCentrality,1.2,0.0,0.3,0.0,0.81,0.0,0.0,0.0
Football_data_England_Premier_League/England_2014_2015,rankCentrality,1.12,0.0,0.28,0.0,0.84,0.0,0.0,0.0
Football_data_England_Premier_League/England_2014_2015,serialRank,1.16,0.01,0.29,0.0,0.74,0.01,0.03,0.01
Football_data_England_Premier_League/England_2014_2015,syncRank,1.57,0.0,0.39,0.0,0.97,0.01,0.0,0.0
Football_data_England_Premier_League/finerEngland_2009_2010,OURS_MFAS,2.02,0.3,0.5,0.08,0.17,0.0,4.7,4.64
Football_data_England_Premier_League/finerEngland_2009_2010,OURS_MFAS_INS1,0.88,0.0,0.22,0.0,0.17,0.0,0.04,0.0
Football_data_England_Premier_League/finerEngland_2009_2010,OURS_MFAS_INS2,0.88,0.0,0.22,0.0,0.17,0.0,0.04,0.0
Football_data_England_Premier_League/finerEngland_2009_2010,OURS_MFAS_INS3,0.88,0.0,0.22,0.0,0.17,0.0,0.04,0.0
Football_data_England_Premier_League/finerEngland_2009_2010,PageRank,1.88,0.02,0.47,0.01,0.7,0.07,0.0,0.0
Football_data_England_Premier_League/finerEngland_2009_2010,SVD_NRS,0.88,0.0,0.22,0.0,0.17,0.0,0.03,0.0
Football_data_England_Premier_League/finerEngland_2009_2010,SVD_RS,0.66,0.0,0.16,0.0,0.21,0.0,0.0,0.0
Football_data_England_Premier_League/finerEngland_2009_2010,SpringRank,1.78,0.0,0.45,0.0,0.27,0.0,0.02,0.0
Football_data_England_Premier_League/finerEngland_2009_2010,btl,0.71,0.0,0.18,0.0,0.38,0.0,0.0,0.0
Football_data_England_Premier_League/finerEngland_2009_2010,davidScore,1.05,0.0,0.26,0.0,0.23,0.03,0.0,0.0
Football_data_England_Premier_League/finerEngland_2009_2010,eigenvectorCentrality,1.1,0.0,0.27,0.0,0.22,0.0,0.0,0.0
Football_data_England_Premier_League/finerEngland_2009_2010,rankCentrality,0.8,0.0,0.2,0.0,0.21,0.0,0.0,0.0
Football_data_England_Premier_League/finerEngland_2009_2010,serialRank,0.79,0.1,0.2,0.03,0.17,0.01,0.0,0.0
Football_data_England_Premier_League/finerEngland_2009_2010,syncRank,0.93,0.0,0.23,0.0,0.23,0.0,0.0,0.0
Football_data_England_Premier_League/finerEngland_2010_2011,OURS_MFAS,2.11,0.01,0.53,0.0,0.2,0.0,9.13,6.58
Football_data_England_Premier_League/finerEngland_2010_2011,OURS_MFAS_INS1,1.14,0.0,0.29,0.0,0.2,0.0,0.03,0.0
Football_data_England_Premier_League/finerEngland_2010_2011,OURS_MFAS_INS2,1.14,0.0,0.29,0.0,0.2,0.0,0.03,0.0
Football_data_England_Premier_League/finerEngland_2010_2011,OURS_MFAS_INS3,1.14,0.0,0.29,0.0,0.2,0.0,0.03,0.0
Football_data_England_Premier_League/finerEngland_2010_2011,PageRank,1.91,0.17,0.52,0.08,0.67,0.0,0.0,0.01
Football_data_England_Premier_League/finerEngland_2010_2011,SVD_NRS,1.14,0.0,0.29,0.0,0.2,0.0,0.03,0.0
Football_data_England_Premier_League/finerEngland_2010_2011,SVD_RS,1.17,0.0,0.29,0.0,0.22,0.0,0.0,0.0
Football_data_England_Premier_League/finerEngland_2010_2011,SpringRank,1.63,0.02,0.41,0.01,0.23,0.0,0.02,0.0
Football_data_England_Premier_League/finerEngland_2010_2011,btl,1.29,0.0,0.32,0.0,0.56,0.0,0.0,0.0
Football_data_England_Premier_League/finerEngland_2010_2011,davidScore,1.37,0.0,0.34,0.0,0.22,0.01,0.0,0.0
Football_data_England_Premier_League/finerEngland_2010_2011,eigenvectorCentrality,1.49,0.0,0.37,0.0,0.22,0.0,0.0,0.0
Football_data_England_Premier_League/finerEngland_2010_2011,rankCentrality,1.24,0.0,0.31,0.0,0.24,0.0,0.0,0.0
Football_data_England_Premier_League/finerEngland_2010_2011,serialRank,1.31,0.09,0.33,0.02,0.18,0.01,0.0,0.0
Football_data_England_Premier_League/finerEngland_2010_2011,syncRank,1.44,0.0,0.36,0.0,0.21,0.0,0.0,0.0
Football_data_England_Premier_League/finerEngland_2011_2012,OURS_MFAS,2.11,0.06,0.53,0.01,0.21,0.0,14.98,6.16
Football_data_England_Premier_League/finerEngland_2011_2012,OURS_MFAS_INS1,0.97,0.0,0.24,0.0,0.21,0.0,0.04,0.0
Football_data_England_Premier_League/finerEngland_2011_2012,OURS_MFAS_INS2,0.97,0.0,0.24,0.0,0.21,0.0,0.04,0.0
Football_data_England_Premier_League/finerEngland_2011_2012,OURS_MFAS_INS3,0.97,0.0,0.24,0.0,0.21,0.0,0.04,0.0
Football_data_England_Premier_League/finerEngland_2011_2012,PageRank,1.81,0.18,0.5,0.09,0.58,0.0,0.0,0.0
Football_data_England_Premier_League/finerEngland_2011_2012,SVD_NRS,0.97,0.0,0.24,0.0,0.21,0.0,0.04,0.0
Football_data_England_Premier_League/finerEngland_2011_2012,SVD_RS,0.85,0.0,0.21,0.0,0.22,0.0,0.0,0.0
Football_data_England_Premier_League/finerEngland_2011_2012,SpringRank,1.59,0.04,0.4,0.01,0.25,0.0,0.02,0.0
Football_data_England_Premier_League/finerEngland_2011_2012,btl,0.92,0.0,0.23,0.0,0.49,0.0,0.0,0.0
Football_data_England_Premier_League/finerEngland_2011_2012,davidScore,1.02,0.0,0.25,0.0,0.22,0.02,0.0,0.0
Football_data_England_Premier_League/finerEngland_2011_2012,eigenvectorCentrality,1.14,0.0,0.28,0.0,0.21,0.0,0.0,0.0
Football_data_England_Premier_League/finerEngland_2011_2012,rankCentrality,0.92,0.0,0.23,0.0,0.22,0.0,0.0,0.0
Football_data_England_Premier_League/finerEngland_2011_2012,serialRank,0.93,0.04,0.23,0.01,0.17,0.0,0.0,0.0
Football_data_England_Premier_League/finerEngland_2011_2012,syncRank,1.07,0.0,0.27,0.0,0.23,0.0,0.0,0.0
Football_data_England_Premier_League/finerEngland_2012_2013,OURS_MFAS,2.14,0.0,0.54,0.0,0.18,0.0,13.84,12.18
Football_data_England_Premier_League/finerEngland_2012_2013,OURS_MFAS_INS1,1.12,0.0,0.28,0.0,0.18,0.0,0.04,0.0
Football_data_England_Premier_League/finerEngland_2012_2013,OURS_MFAS_INS2,1.12,0.0,0.28,0.0,0.18,0.0,0.04,0.0
Football_data_England_Premier_League/finerEngland_2012_2013,OURS_MFAS_INS3,1.12,0.0,0.28,0.0,0.18,0.0,0.04,0.0
Football_data_England_Premier_League/finerEngland_2012_2013,PageRank,1.98,0.06,0.49,0.02,0.66,0.06,0.0,0.0
Football_data_England_Premier_League/finerEngland_2012_2013,SVD_NRS,1.12,0.0,0.28,0.0,0.18,0.0,0.04,0.0
Football_data_England_Premier_League/finerEngland_2012_2013,SVD_RS,0.86,0.0,0.22,0.0,0.17,0.0,0.0,0.0
Football_data_England_Premier_League/finerEngland_2012_2013,SpringRank,1.76,0.18,0.44,0.04,0.23,0.04,0.02,0.0
Football_data_England_Premier_League/finerEngland_2012_2013,btl,0.92,0.0,0.23,0.0,0.48,0.0,0.0,0.0
Football_data_England_Premier_League/finerEngland_2012_2013,davidScore,1.1,0.0,0.27,0.0,0.19,0.02,0.0,0.0
Football_data_England_Premier_League/finerEngland_2012_2013,eigenvectorCentrality,1.2,0.0,0.3,0.0,0.19,0.0,0.0,0.0
Football_data_England_Premier_League/finerEngland_2012_2013,rankCentrality,1.02,0.0,0.25,0.0,0.18,0.0,0.0,0.0
Football_data_England_Premier_League/finerEngland_2012_2013,serialRank,0.99,0.05,0.25,0.01,0.16,0.0,0.0,0.0
Football_data_England_Premier_League/finerEngland_2012_2013,syncRank,1.1,0.0,0.27,0.0,0.22,0.01,0.0,0.0
Football_data_England_Premier_League/finerEngland_2013_2014,OURS_MFAS,1.94,0.14,0.49,0.04,0.23,0.0,7.38,6.09
Football_data_England_Premier_League/finerEngland_2013_2014,OURS_MFAS_INS1,0.92,0.0,0.23,0.0,0.23,0.0,0.03,0.0
Football_data_England_Premier_League/finerEngland_2013_2014,OURS_MFAS_INS2,0.92,0.0,0.23,0.0,0.23,0.0,0.03,0.0
Football_data_England_Premier_League/finerEngland_2013_2014,OURS_MFAS_INS3,0.92,0.0,0.23,0.0,0.23,0.0,0.03,0.0
Football_data_England_Premier_League/finerEngland_2013_2014,PageRank,1.91,0.31,0.52,0.05,0.52,0.0,0.0,0.0
Football_data_England_Premier_League/finerEngland_2013_2014,SVD_NRS,0.92,0.0,0.23,0.0,0.23,0.0,0.03,0.0
Football_data_England_Premier_League/finerEngland_2013_2014,SVD_RS,0.75,0.0,0.19,0.0,0.22,0.0,0.0,0.0
Football_data_England_Premier_League/finerEngland_2013_2014,SpringRank,1.57,0.01,0.39,0.0,0.3,0.0,0.02,0.0
Football_data_England_Premier_League/finerEngland_2013_2014,btl,0.73,0.0,0.18,0.0,0.43,0.0,0.0,0.0
Football_data_England_Premier_League/finerEngland_2013_2014,davidScore,0.99,0.0,0.25,0.0,0.27,0.03,0.0,0.0
Football_data_England_Premier_League/finerEngland_2013_2014,eigenvectorCentrality,1.07,0.0,0.27,0.0,0.26,0.0,0.0,0.0
Football_data_England_Premier_League/finerEngland_2013_2014,rankCentrality,0.9,0.0,0.22,0.0,0.24,0.0,0.0,0.0
Football_data_England_Premier_League/finerEngland_2013_2014,serialRank,0.85,0.06,0.21,0.02,0.21,0.01,0.0,0.0
Football_data_England_Premier_League/finerEngland_2013_2014,syncRank,0.87,0.0,0.22,0.0,0.29,0.01,0.0,0.0
Football_data_England_Premier_League/finerEngland_2014_2015,OURS_MFAS,1.08,0.0,0.27,0.0,0.36,0.0,0.03,0.0
Football_data_England_Premier_League/finerEngland_2014_2015,OURS_MFAS_INS1,1.08,0.0,0.27,0.0,0.36,0.0,0.03,0.0
Football_data_England_Premier_League/finerEngland_2014_2015,OURS_MFAS_INS2,1.08,0.0,0.27,0.0,0.36,0.0,0.03,0.0
Football_data_England_Premier_League/finerEngland_2014_2015,OURS_MFAS_INS3,1.08,0.0,0.27,0.0,0.36,0.0,0.03,0.0
Football_data_England_Premier_League/finerEngland_2014_2015,PageRank,1.68,0.0,0.42,0.0,0.98,0.0,0.0,0.0
Football_data_England_Premier_League/finerEngland_2014_2015,SVD_NRS,1.08,0.0,0.27,0.0,0.36,0.0,0.03,0.0
Football_data_England_Premier_League/finerEngland_2014_2015,SVD_RS,1.08,0.0,0.27,0.0,0.37,0.0,0.0,0.0
Football_data_England_Premier_League/finerEngland_2014_2015,SpringRank,1.74,0.04,0.44,0.01,0.45,0.0,0.02,0.0
Football_data_England_Premier_League/finerEngland_2014_2015,btl,1.05,0.0,0.26,0.0,0.62,0.0,0.0,0.0
Football_data_England_Premier_League/finerEngland_2014_2015,davidScore,1.23,0.0,0.31,0.0,0.41,0.03,0.0,0.0
Football_data_England_Premier_League/finerEngland_2014_2015,eigenvectorCentrality,1.23,0.0,0.31,0.0,0.39,0.0,0.0,0.0
Football_data_England_Premier_League/finerEngland_2014_2015,rankCentrality,1.12,0.0,0.28,0.0,0.37,0.0,0.0,0.0
Football_data_England_Premier_League/finerEngland_2014_2015,serialRank,1.19,0.04,0.3,0.01,0.35,0.0,0.0,0.0
Football_data_England_Premier_League/finerEngland_2014_2015,syncRank,1.57,0.0,0.39,0.0,0.45,0.0,0.0,0.0
Halo2BetaData/HeadToHead,OURS_MFAS,0.88,0.0,0.22,0.0,0.76,0.0,1.08,0.0
Halo2BetaData/HeadToHead,OURS_MFAS_INS1,0.88,0.0,0.22,0.0,0.76,0.0,1.08,0.0
Halo2BetaData/HeadToHead,OURS_MFAS_INS2,0.88,0.0,0.22,0.0,0.76,0.0,1.08,0.0
Halo2BetaData/HeadToHead,OURS_MFAS_INS3,0.88,0.0,0.22,0.0,0.76,0.0,1.08,0.0
Halo2BetaData/HeadToHead,PageRank,2.0,0.02,0.5,0.0,1.2,0.12,0.06,0.0
Halo2BetaData/HeadToHead,SVD_NRS,0.88,0.0,0.22,0.0,0.76,0.0,1.07,0.0
Halo2BetaData/HeadToHead,SVD_RS,1.43,0.02,0.36,0.0,0.96,0.02,0.01,0.0
Halo2BetaData/HeadToHead,SpringRank,1.94,0.0,0.48,0.0,0.97,0.0,0.97,0.0
Halo2BetaData/HeadToHead,btl,1.16,0.0,0.29,0.0,0.89,0.0,0.01,0.0
Halo2BetaData/HeadToHead,davidScore,1.47,0.0,0.37,0.0,1.0,0.05,0.01,0.0
Halo2BetaData/HeadToHead,eigenvectorCentrality,1.36,0.0,0.34,0.0,0.83,0.0,0.01,0.0
Halo2BetaData/HeadToHead,rankCentrality,1.79,0.0,0.45,0.0,1.14,0.0,0.0,0.0
Halo2BetaData/HeadToHead,serialRank,1.12,0.01,0.28,0.0,0.71,0.01,0.06,0.01
Halo2BetaData/HeadToHead,syncRank,1.92,0.06,0.54,0.02,0.97,0.0,0.06,0.0
finance,DIGRACib,1.531852920022729,0.376307627183278,0.622160182195167,0.2584506542924128,0.2796133767170449,0.0395002317716098,,
finance,PageRank,1.88,0.0,0.47,0.0,0.59,0.0,0.4,0.01
finance,SVD_NRS,1.64,0.0,0.41,0.0,0.26,0.0,0.23,0.01
finance,SVD_RS,1.64,0.0,0.41,0.0,0.26,0.0,0.23,0.01
finance,SpringRank,1.63,0.0,0.41,0.0,0.26,0.0,0.73,0.16
finance,btl,1.63,0.0,0.41,0.0,0.64,0.0,0.21,0.0
finance,davidScore,1.74,0.0,0.44,0.0,0.27,0.0,0.07,0.0
finance,eigenvectorCentrality,1.75,0.0,0.44,0.0,0.26,0.0,0.01,0.0
finance,rankCentrality,1.64,0.0,0.41,0.0,0.26,0.0,0.2,0.01
finance,serialRank,1.78,0.01,0.45,0.0,0.28,0.0,0.25,0.0
finance,syncRank,1.61,0.0,0.4,0.0,0.27,0.0,3.75,0.02
